GENE	LINEAGE	CHR_query	Species	Amino acid length
1433E	GGO	CM055450.2	GGO	147
1433E	GGO	CM055450.2	GGO	122
A1AT	GGO	CM055461.2	GGO	419
AGAP6	GGO	CM055454.2	GGO	687
AL1B1	GGO	CM055458.2	GGO	516
AL1B1	GGO	CM055459.2	GGO	204
ALG1	GGO	CM055449.2	GGO	302
ALG1	GGO	CM055455.2	GGO	201
ALG1	GGO	CM055455.2	GGO	174
ALPG	GGO	CM055457.2	GGO	533
AMACR	GGO	CM055463.2	GGO	223
AMRP	GGO	CM055458.2	GGO	358
AMRP	GGO	CM055458.2	GGO	258
AMRP	GGO	CM055460.2	GGO	389
AMRP	GGO	CM055460.2	GGO	258
AMRP	GGO	CM055462.2	GGO	258
AN18A	GGO	CM055458.2	GGO	1109
AN18A	GGO	CM055459.2	GGO	1128
AN18A	GGO	CM055460.2	GGO	1039
AOXA	GGO	CM055457.2	GGO	1355
ARHGP	GGO	CM055454.2	GGO	303
AUTS2	GGO	CM055452.2	GGO	200
BACD3	GGO	CM055454.2	GGO	319
BFAR	GGO	CM055464.2	GGO	476
C1QT4	GGO	CM055459.2	GGO	247
C1QT4	GGO	CM055460.2	GGO	247
C1QT4	GGO	CM055463.2	GGO	247
CCD14	GGO	CM055458.2	GGO	393
CCNJL	GGO	CM055446.2	GGO	194
CD33	GGO	CM055466.2	GGO	304
CES2	GGO	CM055464.2	GGO	513
CING	GGO	CM055458.2	GGO	482
CNO10	GGO	CM055464.2	GGO	307
COBA2	GGO	CM055464.2	GGO	331
CP3A4	GGO	CM055452.2	GGO	504
CP3A5	GGO	CM055452.2	GGO	502
CPLN1	GGO	CM055465.2	GGO	206
CPLN1	GGO	CM055465.2	GGO	495
CPLN1	GGO	CM055465.2	GGO	1920
CT456	GGO	CM055469.2	GGO	190
CTCF	GGO	CM055466.2	GGO	593
CXAR	GGO	CM055460.2	GGO	364
CXAR	GGO	CM055462.2	GGO	364
DAPK1	GGO	CM055459.2	GGO	1087
DERPC	GGO	CM055453.2	GGO	341
DERPC	GGO	CM055457.2	GGO	339
DERPC	GGO	CM055464.2	GGO	474
DERPC	GGO	CM055466.2	GGO	429
DHRS7	GGO	CM055461.2	GGO	279
DHX40	GGO	CM055450.2	GGO	359
DOK7	GGO	CM055458.2	GGO	505
DOK7	GGO	CM055462.2	GGO	505
DOK7	GGO	CM055468.2	GGO	505
DOK7	GGO	CM055470.2	GGO	505
DRB4	GGO	CM055451.2	GGO	267
DREB	GGO	CM055452.2	GGO	363
DREB	GGO	CM055452.2	GGO	174
DUS7	GGO	CM055450.2	GGO	420
DUS7	GGO	CM055450.2	GGO	417
EF1G	GGO	CM055452.2	GGO	399
F246C	GGO	CM068951.1	GGO	400
F90A5	GGO	CM055453.2	GGO	316
FAM153A	GGO	CM055450.2	GGO	352
FAM86B1	GGO	CM055449.2	GGO	314
FAM86B2	GGO	CM055453.2	GGO	297
FAM95C	GGO	CM055458.2	GGO	1109
FEM1A	GGO	CM055460.2	GGO	747
FEM1A	GGO	CM055460.2	GGO	719
FEM1A	GGO	CM055460.2	GGO	772
FGF7	GGO	CM055460.2	GGO	98
FGF7	GGO	CM055462.2	GGO	164
FGFR3	GGO	CM055458.2	GGO	804
FGFR3	GGO	CM055459.2	GGO	804
FGFR3	GGO	CM055460.2	GGO	804
FGFR3	GGO	CM055462.2	GGO	804
FGFR3	GGO	CM055463.2	GGO	804
FGFR3	GGO	CM055470.2	GGO	804
FKBP9	GGO	CM055452.2	GGO	478
FOXO3B	GGO	CM055450.2	GGO	524
GNA11	GGO	CM055458.2	GGO	360
GRM5	GGO	CM055452.2	GGO	105
GRM5	GGO	CM055455.2	GGO	305
HLA-DRB5	GGO	CM055451.2	GGO	267
IGLL1	GGO	CM068951.1	GGO	200
ITLN1	GGO	CM055446.2	GGO	314
KANL1	GGO	CM055450.2	GGO	458
KCJ12	GGO	CM055450.2	GGO	434
KCJ12	GGO	CM055450.2	GGO	536
KCNJ18	GGO	CM055450.2	GGO	434
KDM8	GGO	CM055464.2	GGO	455
KI3L3	GGO	CM055466.2	GGO	443
KRA52	GGO	CM055455.2	GGO	196
LGALS9C	GGO	CM055450.2	GGO	267
LMBR1	GGO	CM055446.2	GGO	361
MORN3	GGO	CM055446.2	GGO	275
MORN3	GGO	CM055449.2	GGO	196
MORN3	GGO	CM055451.2	GGO	275
MORN3	GGO	CM055452.2	GGO	196
MORN3	GGO	CM055452.2	GGO	176
MORN3	GGO	CM055454.2	GGO	257
MORN3	GGO	CM055454.2	GGO	127
MORN3	GGO	CM055455.2	GGO	196
MORN3	GGO	CM055455.2	GGO	142
MORN3	GGO	CM055456.2	GGO	196
MORN3	GGO	CM055458.2	GGO	196
MORN3	GGO	CM055461.2	GGO	178
MORN3	GGO	CM055462.2	GGO	176
MORN3	GGO	CM055463.2	GGO	275
MORN3	GGO	CM055464.2	GGO	196
MORN3	GGO	CM055465.2	GGO	196
MORN3	GGO	CM055466.2	GGO	196
MORN3	GGO	CM068950.1	GGO	176
MORN3	GGO	CM068950.1	GGO	196
MOST1	GGO	CM068950.1	GGO	91
MPP8	GGO	CM055456.2	GGO	234
MPP8	GGO	CM055462.2	GGO	538
MSTRG.4191	GGO	CM055449.2	GGO	352
MSTRG.596	GGO	CM055446.2	GGO	1483
NALD2	GGO	CM055455.2	GGO	575
NDUFA8	GGO	CM055449.2	GGO	72
NDUFA8	GGO	CM055452.2	GGO	72
NDUFA8	GGO	CM055454.2	GGO	257
NDUFA8	GGO	CM055461.2	GGO	72
NDUFA8	GGO	CM055462.2	GGO	72
NDUFA8	GGO	CM055464.2	GGO	72
NDUFA8	GGO	CM068950.1	GGO	173
NEMO	GGO	CM055469.2	GGO	304
NOM1	GGO	CM055446.2	GGO	1090
NSE1	GGO	CM055464.2	GGO	267
NSMCE1	GGO	CM055464.2	GGO	267
O10A5	GGO	CM055455.2	GGO	322
OFD1	GGO	CM055465.2	GGO	1008
OFD1	GGO	CM055465.2	GGO	1920
OFD1	GGO	CM055470.2	GGO	170
ORC5	GGO	CM055459.2	GGO	732
PACER	GGO	CM055460.2	GGO	664
PACER	GGO	CM055460.2	GGO	412
PDZK1	GGO	CM055446.2	GGO	535
POLR3K	GGO	CM055464.2	GGO	109
PPIF	GGO	CM055454.2	GGO	143
PRSS3	GGO	CM055459.2	GGO	311
PSG11	GGO	CM055466.2	GGO	437
PVR	GGO	CM055452.2	GGO	326
RAB2B	GGO	CM055449.2	GGO	234
RAB2B	GGO	CM055458.2	GGO	230
RABL2A	GGO	CM068951.1	GGO	230
RABL2B	GGO	CM055449.2	GGO	234
RABL2B	GGO	CM055457.2	GGO	230
RABL2B	GGO	CM055458.2	GGO	230
RAMAC	GGO	CM055454.2	GGO	123
RANG	GGO	CM055452.2	GGO	201
RASA4	GGO	CM055452.2	GGO	352
RBMY1A1	GGO	CM055470.2	GGO	461
RBMY1E	GGO	CM055470.2	GGO	424
RBY1B	GGO	CM055470.2	GGO	424
RHDF2	GGO	CM055457.2	GGO	919
RHPN2	GGO	CM055462.2	GGO	602
RHPN2	GGO	CM055462.2	GGO	601
RHPN2	GGO	CM055464.2	GGO	542
RIMBP3C	GGO	CM068951.1	GGO	1636
RL34	GGO	CM055466.2	GGO	211
RM45	GGO	CM055450.2	GGO	178
ROP1A	GGO	CM068950.1	GGO	213
RT05	GGO	CM055458.2	GGO	201
RT05	GGO	CM055458.2	GGO	265
S35F5	GGO	CM055446.2	GGO	268
S35F5	GGO	CM055449.2	GGO	287
S35F5	GGO	CM055449.2	GGO	268
S35F5	GGO	CM055451.2	GGO	160
S35F5	GGO	CM055451.2	GGO	268
S35F5	GGO	CM055452.2	GGO	287
S35F5	GGO	CM055452.2	GGO	268
S35F5	GGO	CM055453.2	GGO	187
S35F5	GGO	CM055453.2	GGO	268
S35F5	GGO	CM055454.2	GGO	432
S35F5	GGO	CM055454.2	GGO	268
S35F5	GGO	CM055455.2	GGO	268
S35F5	GGO	CM055455.2	GGO	294
S35F5	GGO	CM055456.2	GGO	268
S35F5	GGO	CM055456.2	GGO	294
S35F5	GGO	CM055458.2	GGO	128
S35F5	GGO	CM055458.2	GGO	160
S35F5	GGO	CM055461.2	GGO	268
S35F5	GGO	CM055462.2	GGO	268
S35F5	GGO	CM055463.2	GGO	268
S35F5	GGO	CM055464.2	GGO	268
S35F5	GGO	CM055465.2	GGO	265
S35F5	GGO	CM055465.2	GGO	294
S35F5	GGO	CM055466.2	GGO	268
S35F5	GGO	CM055469.2	GGO	268
S35F5	GGO	CM068950.1	GGO	187
SAFB2	GGO	CM055458.2	GGO	460
SAFB2	GGO	CM055460.2	GGO	491
SAFB2	GGO	CM055462.2	GGO	504
SAFB2	GGO	CM055470.2	GGO	556
SENP1	GGO	CM055446.2	GGO	677
SLC6A8	GGO	CM055452.2	GGO	500
SLC6A8	GGO	CM055460.2	GGO	491
SLC6A8	GGO	CM055460.2	GGO	622
SLC6A8	GGO	CM055462.2	GGO	619
SLC6A8	GGO	CM055463.2	GGO	626
SNX8	GGO	CM055464.2	GGO	697
SOCS6	GGO	CM055453.2	GGO	536
SORL	GGO	CM055464.2	GGO	3813
SSX1	GGO	CM055469.2	GGO	184
ST1A3	GGO	CM055464.2	GGO	351
SULT1A2	GGO	CM055464.2	GGO	296
SULT1A4	GGO	CM055464.2	GGO	351
TADBP	GGO	CM055457.2	GGO	228
TAF1D	GGO	CM055465.2	GGO	199
TBCD1	GGO	CM055458.2	GGO	1011
TBCD1	GGO	CM055460.2	GGO	1011
TBCD1	GGO	CM055462.2	GGO	1011
TBG1	GGO	CM055462.2	GGO	1032
TBG1	GGO	CM055462.2	GGO	140
TEX14	GGO	CM055458.2	GGO	707
TEX14	GGO	CM055458.2	GGO	687
TEX14	GGO	CM055458.2	GGO	598
TEX14	GGO	CM055462.2	GGO	723
THOC3	GGO	CM055450.2	GGO	352
TIMM23B-AGAP6	GGO	CM055454.2	GGO	687
TINCR	GGO	CM055459.2	GGO	109
TINCR	GGO	CM055460.2	GGO	109
TINCR	GGO	CM055463.2	GGO	109
TINCR	GGO	CM055466.2	GGO	121
TITIN	GGO	CM055457.2	GGO	213
TITIN	GGO	CM055464.2	GGO	3939
TITIN	GGO	CM055464.2	GGO	2733
TITIN	GGO	CM055464.2	GGO	2784
TITIN	GGO	CM055464.2	GGO	2502
TITIN	GGO	CM055464.2	GGO	1680
TITIN	GGO	CM055464.2	GGO	3868
TITIN	GGO	CM055464.2	GGO	4020
TITIN	GGO	CM055464.2	GGO	2571
TITIN	GGO	CM055464.2	GGO	3064
TITIN	GGO	CM055464.2	GGO	2721
TITIN	GGO	CM055464.2	GGO	2897
TPPP	GGO	CM055465.2	GGO	220
TTL11	GGO	CM055449.2	GGO	339
TXD11	GGO	CM055464.2	GGO	745
TYW1B	GGO	CM055452.2	GGO	715
UIF	GGO	CM055469.2	GGO	319
WIPI2	GGO	CM055450.2	GGO	345
YAE1	GGO	CM055452.2	GGO	206
Z286A	GGO	CM055450.2	GGO	524
Z3H7A	GGO	CM055464.2	GGO	972
ZC3H7A	GGO	CM055464.2	GGO	972
ZN131	GGO	CM055466.2	GGO	624
ZN131	GGO	CM055466.2	GGO	909
ZN133	GGO	CM055466.2	GGO	746
ZN383	GGO	CM055466.2	GGO	446
ZN765	GGO	CM055465.2	GGO	87
ZN765	GGO	CM055466.2	GGO	813
ZSA5A	GGO	CM055466.2	GGO	497
ZZZ3	GGO	CM055466.2	GGO	441
ANTXRL	PAB	CM054687.2	PAB	594
ATP9A	PAB	CM068844.1	PAB	344
BAK	PAB	CM054693.2	PAB	212
BIRC8	PAB	CM054691.2	PAB	310
CA13	PAB	CM054686.2	PAB	340
CAZA1	PAB	CM054690.2	PAB	286
CCD32	PAB	CM054684.2	PAB	580
CD11B	PAB	CM054679.2	PAB	786
CD209	PAB	CM054699.2	PAB	257
CD209	PAB	CM054699.2	PAB	405
CD209	PAB	CM054702.2	PAB	112
CDY1	PAB	CM054703.2	PAB	541
CDY1	PAB	CM054703.2	PAB	602
CDY1	PAB	CM054703.2	PAB	553
CDY1	PAB	CM054703.2	PAB	597
CLASR	PAB	CM054688.2	PAB	256
CLCKB	PAB	CM054679.2	PAB	688
COBA1	PAB	CM054703.2	PAB	333
CP2D6	PAB	CM068844.1	PAB	498
CT453	PAB	CM054702.2	PAB	190
CT45A6	PAB	CM054702.2	PAB	190
CYTT	PAB	CM054700.2	PAB	141
CYTT	PAB	CM054700.2	PAB	142
DDT	PAB	CM068844.1	PAB	169
DDX50	PAB	CM054687.2	PAB	183
DEF3	PAB	CM054686.2	PAB	95
DEFA3	PAB	CM054686.2	PAB	95
DGCR6L	PAB	CM068844.1	PAB	181
DMP34	PAB	CM054695.2	PAB	140
DMP46	PAB	CM054695.2	PAB	635
DMP46	PAB	CM054695.2	PAB	132
DMP46	PAB	CM054695.2	PAB	637
DMP46	PAB	CM054695.2	PAB	659
DMP46	PAB	CM054695.2	PAB	658
DMP46	PAB	CM054695.2	PAB	129
E2F5	PAB	CM054686.2	PAB	207
E2F5	PAB	CM054686.2	PAB	163
E2F5	PAB	CM054686.2	PAB	143
E2F5	PAB	CM054686.2	PAB	346
E2F5	PAB	CM054686.2	PAB	154
ECH1	PAB	CM054699.2	PAB	329
ELOA2	PAB	CM054696.2	PAB	754
F131C	PAB	CM054679.2	PAB	196
FAHD2A	PAB	CM054691.2	PAB	315
FAM25A	PAB	CM054687.2	PAB	89
FM25C	PAB	CM054687.2	PAB	89
G2E3	PAB	CM054693.2	PAB	707
G2E3	PAB	CM068843.1	PAB	704
GGA2	PAB	CM054688.2	PAB	606
GOLGA8G	PAB	CM054695.2	PAB	562
H2BW2	PAB	CM054702.2	PAB	175
HBAZ	PAB	CM054697.2	PAB	143
HORN	PAB	CM054690.2	PAB	344
KALM	PAB	CM054703.2	PAB	132
KT33B	PAB	CM054689.2	PAB	506
LIMS4	PAB	CM054691.2	PAB	255
MAGBI	PAB	CM054702.2	PAB	315
MERB1	PAB	CM054689.2	PAB	127
MERB1	PAB	CM054697.2	PAB	99
MUC1	PAB	CM068843.1	PAB	599
NELL1	PAB	CM054688.2	PAB	496
NPB11	PAB	CM054693.2	PAB	709
NPIPB3	PAB	CM054697.2	PAB	416
NPIPB4	PAB	CM054693.2	PAB	625
NREP	PAB	CM054685.2	PAB	68
NTAN1	PAB	CM054697.2	PAB	267
NTAN1	PAB	CM054697.2	PAB	284
NUD18	PAB	CM054679.2	PAB	324
NUP50	PAB	CM054683.2	PAB	497
NXPE1	PAB	CM054688.2	PAB	548
O11G2	PAB	CM054685.2	PAB	215
OR2J3	PAB	CM054684.2	PAB	310
OZF	PAB	CM068843.1	PAB	559
P2RX2	PAB	CM068844.1	PAB	442
P2RX2	PAB	CM068844.1	PAB	115
PDZD2	PAB	CM054698.2	PAB	1148
POTEH	PAB	CM054694.2	PAB	938
PRAMEF14	PAB	CM054679.2	PAB	475
PTN1	PAB	CM068843.1	PAB	593
RB40L	PAB	CM054702.2	PAB	279
RFPL3	PAB	CM068844.1	PAB	329
RFPL3	PAB	CM068844.1	PAB	289
RNF17	PAB	CM054693.2	PAB	1719
ROA3	PAB	CM054679.2	PAB	346
ROA3	PAB	CM054693.2	PAB	320
ROPN1B	PAB	CM068843.1	PAB	213
RUFY4	PAB	CM054687.2	PAB	119
S41A3	PAB	CM068843.1	PAB	362
SC6A5	PAB	CM054688.2	PAB	558
SC6A5	PAB	CM054688.2	PAB	211
SC6A5	PAB	CM054688.2	PAB	790
SCNNB	PAB	CM054697.2	PAB	641
SCNNB	PAB	CM054697.2	PAB	268
SIN3A	PAB	CM054695.2	PAB	119
SLC6A5	PAB	CM054688.2	PAB	558
SRPK2	PAB	CM054686.2	PAB	226
SSBP3	PAB	CM054701.2	PAB	388
TBC3F	PAB	CM054698.2	PAB	214
TBC3F	PAB	CM054698.2	PAB	235
TLE6	PAB	CM054702.2	PAB	201
TM6S2	PAB	CM054702.2	PAB	147
TNFA	PAB	CM054697.2	PAB	162
TNFA	PAB	CM054697.2	PAB	153
TRIM43	PAB	CM054691.2	PAB	448
TUSC3	PAB	CM054679.2	PAB	757
XIAP	PAB	CM054699.2	PAB	564
YH009	PAB	CM054692.2	PAB	417
ZBT17	PAB	CM054699.2	PAB	646
ZN124	PAB	CM054699.2	PAB	97
ZN321	PAB	CM054699.2	PAB	163
ZN598	PAB	CM054692.2	PAB	264
ZN653	PAB	CM054699.2	PAB	1209
ZNF705E	PAB	CM054686.2	PAB	227
ZNF705E	PAB	CM054695.2	PAB	276
ZNF736	PAB	CM054685.2	PAB	427
ZNF93	PAB	CM054699.2	PAB	622
ZNRF2	PAB	CM054685.2	PAB	244
AMYP	Pongo	CM054679.2	PAB	435
AN36A	Pongo	CM054691.2	PAB	355
AN36A	Pongo	CM054701.2	PAB	1831
AN36A	Pongo	CM068844.1	PAB	2196
ANM7	Pongo	CM054688.2	PAB	532
ANP32E	Pongo	CM054679.2	PAB	268
APBB1	Pongo	CM054695.2	PAB	361
APBB1	Pongo	CM054695.2	PAB	368
AT8A2	Pongo	CM054693.2	PAB	710
AT8A2	Pongo	CM054693.2	PAB	149
BRCC3	Pongo	CM054683.2	PAB	322
CAH6	Pongo	CM054686.2	PAB	263
CAH6	Pongo	CM054686.2	PAB	271
CAH6	Pongo	CM054686.2	PAB	340
CASPC	Pongo	CM054688.2	PAB	422
CASPC	Pongo	CM054688.2	PAB	342
CBX7	Pongo	CM054684.2	PAB	255
CCNQ	Pongo	CM054683.2	PAB	285
CEP20	Pongo	CM054697.2	PAB	170
CNTP4	Pongo	CM054690.2	PAB	861
COG7	Pongo	CM054697.2	PAB	770
COG7	Pongo	CM054697.2	PAB	771
CP250	Pongo	CM054689.2	PAB	109
CP250	Pongo	CM054697.2	PAB	170
CP7B1	Pongo	CM054686.2	PAB	507
CREG2	Pongo	CM054691.2	PAB	224
CREG2	Pongo	CM054691.2	PAB	239
CST1	Pongo	CM054700.2	PAB	141
CT47A	Pongo	CM054702.2	PAB	300
CT47A7	Pongo	CM054702.2	PAB	300
CTAGE15	Pongo	CM054685.2	PAB	801
CTGEF	Pongo	CM054685.2	PAB	801
CTGEF	Pongo	CM054693.2	PAB	776
CYTN	Pongo	CM054700.2	PAB	142
CYTN	Pongo	CM054700.2	PAB	141
CYTSA	Pongo	CM068844.1	PAB	981
D19P2	Pongo	CM054685.2	PAB	210
DPF3	Pongo	CM054699.2	PAB	436
DRICH1	Pongo	CM068844.1	PAB	276
ERR1	Pongo	CM054690.2	PAB	423
F182A	Pongo	CM054698.2	PAB	188
F182A	Pongo	CM054698.2	PAB	229
FSCN2	Pongo	CM054695.2	PAB	493
FSCN2	Pongo	CM054695.2	PAB	549
GCC1	Pongo	CM054691.2	PAB	453
GCC1	Pongo	CM054691.2	PAB	223
GCC1	Pongo	CM054691.2	PAB	626
GCC1	Pongo	CM054699.2	PAB	210
GCC2	Pongo	CM054691.2	PAB	1702
GLUD2	Pongo	CM054702.2	PAB	559
GLYG2	Pongo	CM054703.2	PAB	412
GOG6B	Pongo	CM054695.2	PAB	752
GOG6D	Pongo	CM054695.2	PAB	702
GOG8H	Pongo	CM054695.2	PAB	132
GOLGA6A	Pongo	CM054695.2	PAB	737
GOLGA6L1	Pongo	CM054695.2	PAB	637
GOLGA6L1	Pongo	CM054695.2	PAB	651
GOLGA6L6	Pongo	CM054695.2	PAB	768
GOLGA8O	Pongo	CM054695.2	PAB	606
GUSB	Pongo	CM054685.2	PAB	462
HEATR6	Pongo	CM054698.2	PAB	1178
ICAM5	Pongo	CM054698.2	PAB	553
IL32	Pongo	CM054697.2	PAB	211
IL32	Pongo	CM054697.2	PAB	169
KCTD5	Pongo	CM054697.2	PAB	217
LITAF	Pongo	CM054697.2	PAB	162
LYSC	Pongo	CM054691.2	PAB	213
M4A6A	Pongo	CM054688.2	PAB	405
MAGB4	Pongo	CM054702.2	PAB	316
MAGB4	Pongo	CM054702.2	PAB	312
MAGC1	Pongo	CM054702.2	PAB	660
MAGC1	Pongo	CM054702.2	PAB	1289
MAGC1	Pongo	CM054702.2	PAB	1290
MCTP2	Pongo	CM054695.2	PAB	125
MCTP2	Pongo	CM054695.2	PAB	176
MCTP2	Pongo	CM054695.2	PAB	768
MICA	Pongo	CM054684.2	PAB	392
MIPEP	Pongo	CM054693.2	PAB	845
MIPEP	Pongo	CM054693.2	PAB	252
MIPEP	Pongo	CM054693.2	PAB	792
MIX23	Pongo	CM054696.2	PAB	177
MMP23	Pongo	CM054679.2	PAB	267
MMP23	Pongo	CM054679.2	PAB	370
MORC4	Pongo	CM054699.2	PAB	735
MSTRG.2403	Pongo	CM054698.2	PAB	528
MUC2	Pongo	CM068843.1	PAB	365
MUC20	Pongo	CM068843.1	PAB	784
MUC20	Pongo	CM068843.1	PAB	646
MUC4	Pongo	CM054683.2	PAB	326
MUC4	Pongo	CM054685.2	PAB	497
MUC4	Pongo	CM068843.1	PAB	1187
MYO19	Pongo	CM054698.2	PAB	556
NBR1	Pongo	CM054698.2	PAB	113
NP1L4	Pongo	CM054679.2	PAB	387
NUD11	Pongo	CM054702.2	PAB	165
NUTM2A	Pongo	CM054687.2	PAB	771
O10A7	Pongo	CM054699.2	PAB	310
PIGW	Pongo	CM054698.2	PAB	505
PIGW	Pongo	CM054698.2	PAB	616
PPIE	Pongo	CM054679.2	PAB	306
PRKX	Pongo	CM054702.2	PAB	537
PRPC	Pongo	CM054689.2	PAB	133
PSG1	Pongo	CM054699.2	PAB	327
PSIP1	Pongo	CM054696.2	PAB	570
QCR2	Pongo	CM054697.2	PAB	377
QCR2	Pongo	CM054697.2	PAB	454
RBIS	Pongo	CM054686.2	PAB	101
RFX8	Pongo	CM054691.2	PAB	606
RFX8	Pongo	CM054691.2	PAB	180
RFX8	Pongo	CM054691.2	PAB	929
RFX8	Pongo	CM054691.2	PAB	627
RFX8	Pongo	CM054691.2	PAB	494
RL18	Pongo	CM054679.2	PAB	248
RMI1	Pongo	CM054697.2	PAB	148
RS3A	Pongo	CM054682.2	PAB	265
S26A4	Pongo	CM054702.2	PAB	308
S26A4	Pongo	CM054702.2	PAB	410
SERB	Pongo	CM054685.2	PAB	112
SERB	Pongo	CM054685.2	PAB	164
SERB	Pongo	CM054685.2	PAB	222
SORC3	Pongo	CM054693.2	PAB	262
SORC3	Pongo	CM054693.2	PAB	263
SORC3	Pongo	CM054693.2	PAB	264
SPDE4	Pongo	CM054698.2	PAB	238
SPDE7	Pongo	CM054685.2	PAB	280
SRSF9	Pongo	CM054693.2	PAB	120
SSPO	Pongo	CM054685.2	PAB	2747
SSX2B	Pongo	CM054702.2	PAB	215
TBC1D28	Pongo	CM054698.2	PAB	144
TBC1D3B	Pongo	CM054698.2	PAB	524
TBC1D3I	Pongo	CM054698.2	PAB	548
TBC1D3K	Pongo	CM054698.2	PAB	526
TENS3	Pongo	CM054698.2	PAB	606
TENS3	Pongo	CM054698.2	PAB	498
TENS3	Pongo	CM054698.2	PAB	538
TENS3	Pongo	CM054698.2	PAB	490
TENS3	Pongo	CM054698.2	PAB	647
TENS3	Pongo	CM054698.2	PAB	588
TENS3	Pongo	CM054698.2	PAB	634
TM231	Pongo	CM054697.2	PAB	206
TN13B	Pongo	CM054698.2	PAB	231
TRIM73	Pongo	CM054685.2	PAB	297
TUBB8	Pongo	CM068844.1	PAB	292
TV23B	Pongo	CM054697.2	PAB	205
TXD17	Pongo	CM054691.2	PAB	223
UBP5	Pongo	CM054697.2	PAB	343
UBP5	Pongo	CM054697.2	PAB	386
UBP5	Pongo	CM054697.2	PAB	1022
UBP5	Pongo	CM054697.2	PAB	1134
UBP5	Pongo	CM054697.2	PAB	391
UBP5	Pongo	CM054697.2	PAB	1046
UBP5	Pongo	CM054697.2	PAB	309
UBP5	Pongo	CM054697.2	PAB	1350
UBP54	Pongo	CM054698.2	PAB	1407
UBP54	Pongo	CM054698.2	PAB	1317
UBP54	Pongo	CM054698.2	PAB	1057
UBP54	Pongo	CM054698.2	PAB	1432
UBP54	Pongo	CM054698.2	PAB	237
UBP54	Pongo	CM054698.2	PAB	99
YB057	Pongo	CM054692.2	PAB	399
Z705A	Pongo	CM054686.2	PAB	348
Z705A	Pongo	CM054695.2	PAB	301
Z705A	Pongo	CM054695.2	PAB	329
Z705A	Pongo	CM054695.2	PAB	704
Z705A	Pongo	CM054695.2	PAB	276
ZBT7A	Pongo	CM054699.2	PAB	532
ZN135	Pongo	CM054685.2	PAB	441
ZN195	Pongo	CM054682.2	PAB	174
ZN417	Pongo	CM054699.2	PAB	577
ZN467	Pongo	CM054685.2	PAB	596
ZN622	Pongo	CM054686.2	PAB	101
ZN646	Pongo	CM054679.2	PAB	883
ZN646	Pongo	CM054701.2	PAB	398
ZN646	Pongo	CM054701.2	PAB	914
ZNF492	Pongo	CM054699.2	PAB	574
ZNF705D	Pongo	CM054695.2	PAB	301
ZNF716	Pongo	CM054685.2	PAB	446
1433T	PPA	CM055495.2	PPA	84
4EBP3	PPA	CM055488.2	PPA	120
A8MQT7	PPA	CM055495.2	PPA	185
ACTB	PPA	CM055485.2	PPA	960
AGRA3	PPA	CM055489.2	PPA	483
AK17A	PPA	CM055495.2	PPA	696
AK1C2	PPA	CM055480.2	PPA	324
AKAP17A	PPA	CM055495.2	PPA	696
APOBR	PPA	CM055490.2	PPA	1109
APOBR	PPA	CM055490.2	PPA	231
BCL9	PPA	CM055476.2	PPA	506
C4BPA	PPA	CM055472.2	PPA	598
CBWD5	PPA	CM055490.2	PPA	317
CC116	PPA	CM055483.2	PPA	165
CD99	PPA	CM055495.2	PPA	185
CKS1	PPA	CM055495.2	PPA	79
CLEC18A	PPA	CM055490.2	PPA	447
CNN2	PPA	CM055480.2	PPA	310
COX10	PPA	CM055491.2	PPA	444
CP2F1	PPA	CM055492.2	PPA	273
CPSF6	PPA	CM055482.2	PPA	255
CT45A	PPA	CM055495.2	PPA	190
CT45A1	PPA	CM055495.2	PPA	
CXXC5	PPA	CM055478.2	PPA	161
DB125	PPA	CM055480.2	PPA	158
DB125	PPA	CM055483.2	PPA	158
DB134	PPA	CM055479.2	PPA	66
DDX18	PPA	CM055477.2	PPA	651
DHRSX	PPA	CM055496.2	PPA	695
DYH11	PPA	CM055482.2	PPA	102
DYL1	PPA	CM055476.2	PPA	554
DYL1	PPA	CM055490.2	PPA	162
EFC1	PPA	CM055476.2	PPA	254
EFC1	PPA	CM055477.2	PPA	175
ENPP2	PPA	CM055492.2	PPA	193
ERF3A	PPA	CM055490.2	PPA	520
F106C	PPA	CM055491.2	PPA	170
F231L	PPA	CM055472.2	PPA	170
F231L	PPA	CM055472.2	PPA	203
F231L	PPA	CM055472.2	PPA	208
F90A3	PPA	CM055481.2	PPA	465
FKB1A	PPA	CM055485.2	PPA	198
FKBP6	PPA	CM055478.2	PPA	150
FSCB	PPA	CM055479.2	PPA	548
FSCB	PPA	CM055495.2	PPA	386
G3ST3	PPA	CM055482.2	PPA	450
GAGE1	PPA	CM055495.2	PPA	118
GELS	PPA	CM055483.2	PPA	307
GG6LS	PPA	CM055488.2	PPA	497
GJA1	PPA	CM055477.2	PPA	383
GLTL6	PPA	CM055478.2	PPA	378
GOLGA6L4	PPA	CM055488.2	PPA	574
GSTT1	PPA	CM068945.1	PPA	95
GTPBP6	PPA	CM055496.2	PPA	517
HIC2	PPA	CM068945.1	PPA	616
HMGB3	PPA	CM055483.2	PPA	159
HMGN2	PPA	CM055476.2	PPA	129
HMGN2	PPA	CM055484.2	PPA	91
HMGN2	PPA	CM055488.2	PPA	99
HSP7C	PPA	CM055478.2	PPA	646
HSP7C	PPA	CM055486.2	PPA	677
ICLN	PPA	CM055480.2	PPA	238
IF4B	PPA	CM055487.2	PPA	611
IGF2	PPA	CM055482.2	PPA	555
IL1RL1	PPA	CM055484.2	PPA	557
IL3RA	PPA	CM055495.2	PPA	494
K1C15	PPA	CM055491.2	PPA	118
K2C8	PPA	CM055479.2	PPA	519
K2C8	PPA	CM055483.2	PPA	512
KBP	PPA	CM055496.2	PPA	622
KLH21	PPA	CM055484.2	PPA	448
LEG9C	PPA	CM055491.2	PPA	247
LORF1	PPA	CM055480.2	PPA	592
MAGAB	PPA	CM055495.2	PPA	430
MAPKBP1	PPA	CM055488.2	PPA	1509
MATR3	PPA	CM055472.2	PPA	779
MBD1	PPA	CM055492.2	PPA	188
MBD1	PPA	CM055492.2	PPA	229
MEIOB	PPA	CM055490.2	PPA	472
MGN2	PPA	CM055487.2	PPA	179
MORC2	PPA	CM055492.2	PPA	554
MPV17	PPA	CM055478.2	PPA	246
MSTRG.670	PPA	CM055480.2	PPA	1340
NBPF15	PPA	CM055472.2	PPA	677
NBPFC	PPA	CM055472.2	PPA	1966
NEU4	PPA	CM055482.2	PPA	498
NEUR4	PPA	CM055482.2	PPA	498
NPIA3	PPA	CM055490.2	PPA	398
NPIA3	PPA	CM055490.2	PPA	190
NPIPA8	PPA	CM055490.2	PPA	1312
NPIPB5	PPA	CM055490.2	PPA	768
NT2NA	PPA	CM055472.2	PPA	236
NT2NA	PPA	CM055472.2	PPA	384
NT2NA	PPA	CM055472.2	PPA	2154
O2T12	PPA	CM055472.2	PPA	321
OR1D2	PPA	CM055491.2	PPA	313
OR4K3	PPA	CM055475.2	PPA	304
OR4K3	PPA	CM055480.2	PPA	304
OR4K3	PPA	CM055483.2	PPA	304
OR4K3	PPA	CM055490.2	PPA	304
OSTP	PPA	CM055484.2	PPA	231
P4R3A	PPA	CM055475.2	PPA	821
PGK2	PPA	CM055482.2	PPA	418
PGK2	PPA	CM055492.2	PPA	423
PLCX3	PPA	CM055495.2	PPA	324
PLCX3	PPA	CM055496.2	PPA	324
PLCXD1	PPA	CM055496.2	PPA	324
POLR2J2	PPA	CM055478.2	PPA	160
PRAMEF11	PPA	CM055472.2	PPA	479
PRAMEF8	PPA	CM055472.2	PPA	475
PRLD1	PPA	CM055472.2	PPA	220
RAB26	PPA	CM055490.2	PPA	257
RAN	PPA	CM055487.2	PPA	217
RASF1	PPA	CM055472.2	PPA	420
RBMX2	PPA	CM055480.2	PPA	334
RCN1	PPA	CM055486.2	PPA	332
REN3A	PPA	CM055491.2	PPA	458
REN3A	PPA	CM055491.2	PPA	714
REN3A	PPA	CM055491.2	PPA	278
RHCE	PPA	CM055472.2	PPA	497
RHEB	PPA	CM055480.2	PPA	903
RHF2B	PPA	CM055495.2	PPA	282
RHF2B	PPA	CM055495.2	PPA	255
RHG21	PPA	CM055477.2	PPA	1892
RHOXF2B	PPA	CM055495.2	PPA	282
RL18A	PPA	CM055483.2	PPA	177
RL18A	PPA	CM055495.2	PPA	177
RL22	PPA	CM055472.2	PPA	111
RL22	PPA	CM055478.2	PPA	185
RNF4	PPA	CM055472.2	PPA	191
RS10	PPA	CM055478.2	PPA	189
RS10	PPA	CM055491.2	PPA	172
RS15A	PPA	CM055472.2	PPA	410
RS23	PPA	CM055479.2	PPA	144
S17A4	PPA	CM055477.2	PPA	498
SAHH	PPA	CM055477.2	PPA	433
SEPHS2	PPA	CM055490.2	PPA	449
SERF1	PPA	CM055476.2	PPA	110
SL9B1	PPA	CM055490.2	PPA	140
SL9B1	PPA	CM055490.2	PPA	150
SL9B1	PPA	CM055490.2	PPA	401
SL9B1	PPA	CM055496.2	PPA	485
SLC25A6	PPA	CM055496.2	PPA	299
SMPD4	PPA	CM055485.2	PPA	804
SPATA31A7	PPA	CM055483.2	PPA	1297
SPDE2	PPA	CM055478.2	PPA	378
SPDE5	PPA	CM055478.2	PPA	378
SPDYE16	PPA	CM055478.2	PPA	208
SPDYE16	PPA	CM055478.2	PPA	352
SPDYE16	PPA	CM055478.2	PPA	378
SRS11	PPA	CM055483.2	PPA	382
STA5A	PPA	CM055491.2	PPA	765
STRAA	PPA	CM055472.2	PPA	419
SVIL	PPA	CM055480.2	PPA	894
T191A	PPA	CM068945.1	PPA	158
TBB1	PPA	CM055477.2	PPA	296
TBX20	PPA	CM055482.2	PPA	205
TCP4	PPA	CM055479.2	PPA	124
THEM4	PPA	CM055488.2	PPA	242
TOM20	PPA	CM055481.2	PPA	202
TOP1	PPA	CM055472.2	PPA	212
TP53TG3D	PPA	CM055490.2	PPA	168
TPM4	PPA	CM055482.2	PPA	318
TPTE	PPA	CM068945.1	PPA	158
TPTE2	PPA	CM055486.2	PPA	182
TPTE2	PPA	CM055486.2	PPA	497
TRAF5	PPA	CM055476.2	PPA	248
TRIM49D1	PPA	CM055481.2	PPA	413
TS1R3	PPA	CM055488.2	PPA	195
TYB4	PPA	CM055478.2	PPA	37
UB2E1	PPA	CM055488.2	PPA	201
UB2E1	PPA	CM055491.2	PPA	110
UBP22	PPA	CM055481.2	PPA	531
UCRI	PPA	CM055492.2	PPA	275
VTI1B	PPA	CM055475.2	PPA	232
WAC2A	PPA	CM055480.2	PPA	1340
WBP2L	PPA	CM055484.2	PPA	332
ZBED1	PPA	CM055496.2	PPA	695
ZN239	PPA	CM055480.2	PPA	296
ZN626	PPA	CM055492.2	PPA	597
ZN682	PPA	CM055472.2	PPA	425
ZNF74	PPA	CM055492.2	PPA	550
ZY11B	PPA	CM055479.2	PPA	741
AB17A	Pan	CM055472.2	PPA	306
AB17A	Pan	CM055472.2	PPA	384
AB17A	Pan	CM055476.2	PPA	311
AB17A	Pan	CM055483.2	PPA	315
AB17A	Pan	CM068945.1	PPA	309
ACAP1	Pan	CM055480.2	PPA	168
AN20B	Pan	CM055484.2	PPA	859
AN20B	Pan	CM055484.2	PPA	820
BRD4	Pan	CM055472.2	PPA	644
BRD4	Pan	CM055475.2	PPA	594
C1TM	Pan	CM055483.2	PPA	196
CASP	Pan	CM055478.2	PPA	252
CASP	Pan	CM055478.2	PPA	352
CASP	Pan	CM055478.2	PPA	378
CASP	Pan	CM055478.2	PPA	344
CBWD1	Pan	CM055480.2	PPA	335
CCD92	Pan	CM055485.2	PPA	481
CHAP1	Pan	CM055484.2	PPA	422
CHAP1	Pan	CM055492.2	PPA	386
CLN3	Pan	CM055490.2	PPA	491
CLN3	Pan	CM055490.2	PPA	368
CLN3	Pan	CM055490.2	PPA	702
COTL1	Pan	CM055491.2	PPA	140
DCR1C	Pan	CM055479.2	PPA	290
DCR1C	Pan	CM055480.2	PPA	186
DDX11	Pan	CM055482.2	PPA	1058
DHB7	Pan	CM055480.2	PPA	342
DNJC9	Pan	CM055493.2	PPA	254
DTX2	Pan	CM055478.2	PPA	234
DTX2	Pan	CM055478.2	PPA	280
DTX2	Pan	CM055478.2	PPA	246
DTX2	Pan	CM055478.2	PPA	546
EFL1	Pan	CM055488.2	PPA	666
EIF3C	Pan	CM055490.2	PPA	814
EIF3C	Pan	CM055490.2	PPA	914
EIF3C	Pan	CM055490.2	PPA	738
EIF3C	Pan	CM055490.2	PPA	294
EIF3CL	Pan	CM055490.2	PPA	844
EIF3CL	Pan	CM055490.2	PPA	914
EIF3CL	Pan	CM055490.2	PPA	738
F106A	Pan	CM055491.2	PPA	156
F157B	Pan	CM055472.2	PPA	377
F157B	Pan	CM055487.2	PPA	225
F157B	Pan	CM055487.2	PPA	309
F185A	Pan	CM055478.2	PPA	366
F90AP	Pan	CM055479.2	PPA	467
F90AP	Pan	CM055479.2	PPA	465
FAHD1	Pan	CM055490.2	PPA	259
FAHD1	Pan	CM055490.2	PPA	472
GGT6	Pan	CM068945.1	PPA	253
GLO2	Pan	CM055490.2	PPA	309
GLO2	Pan	CM055490.2	PPA	313
GLPK	Pan	CM055475.2	PPA	560
GLPK	Pan	CM055495.2	PPA	554
GLRX3	Pan	CM055472.2	PPA	271
GLRX3	Pan	CM055472.2	PPA	396
GRAP	Pan	CM055472.2	PPA	152
HIG1A	Pan	CM055475.2	PPA	336
HIG1A	Pan	CM055481.2	PPA	125
HYAS2	Pan	CM055478.2	PPA	553
ICAM2	Pan	CM055491.2	PPA	463
IF4A3	Pan	CM055491.2	PPA	412
INT4	Pan	CM055478.2	PPA	439
INT4	Pan	CM055478.2	PPA	448
KANK4	Pan	CM055493.2	PPA	957
KCTD9	Pan	CM055476.2	PPA	219
KLF7	Pan	CM055472.2	PPA	408
LAT1N	Pan	CM055490.2	PPA	345
LAT1N	Pan	CM055490.2	PPA	191
LAT1N	Pan	CM055490.2	PPA	307
MEIG1	Pan	CM055480.2	PPA	98
METTL2B	Pan	CM055478.2	PPA	379
MF14C	Pan	CM055483.2	PPA	141
NBPF9	Pan	CM055472.2	PPA	513
NPB15	Pan	CM055490.2	PPA	462
NPB15	Pan	CM055490.2	PPA	441
NPB15	Pan	CM055490.2	PPA	418
NPB15	Pan	CM055490.2	PPA	595
NPB15	Pan	CM055490.2	PPA	457
NPB15	Pan	CM055490.2	PPA	463
NPIB2	Pan	CM055490.2	PPA	267
NPIB6	Pan	CM055490.2	PPA	559
NPIB6	Pan	CM055490.2	PPA	664
NPIB6	Pan	CM055490.2	PPA	436
NPIB6	Pan	CM055490.2	PPA	606
NPIB6	Pan	CM055490.2	PPA	632
NPIB6	Pan	CM055491.2	PPA	372
NPIB8	Pan	CM055489.2	PPA	459
NPIB8	Pan	CM055489.2	PPA	441
NPIB8	Pan	CM055490.2	PPA	640
NPIB8	Pan	CM055490.2	PPA	636
NPIB8	Pan	CM055490.2	PPA	412
NPIB8	Pan	CM055490.2	PPA	420
NPIB8	Pan	CM055490.2	PPA	668
NPIB8	Pan	CM055490.2	PPA	484
NPIB8	Pan	CM055490.2	PPA	489
NPIB9	Pan	CM055490.2	PPA	289
NPIB9	Pan	CM055490.2	PPA	354
NPIB9	Pan	CM055490.2	PPA	672
OR6B2	Pan	CM055485.2	PPA	388
OTOAN	Pan	CM055490.2	PPA	398
OTOAN	Pan	CM055490.2	PPA	362
OTOAN	Pan	CM055490.2	PPA	597
POTEM	Pan	CM055487.2	PPA	310
PPP2R3B	Pan	CM055496.2	PPA	576
PRDM7	Pan	CM055475.2	PPA	450
PRDM7	Pan	CM055476.2	PPA	450
PRDM7	Pan	CM055477.2	PPA	450
PRDM7	Pan	CM055479.2	PPA	227
PRDM7	Pan	CM055480.2	PPA	227
PRDM7	Pan	CM055482.2	PPA	450
PRDM7	Pan	CM055483.2	PPA	450
PRDM7	Pan	CM055483.2	PPA	227
PRDM7	Pan	CM055487.2	PPA	139
PRDM7	Pan	CM055490.2	PPA	138
PRDM7	Pan	CM055495.2	PPA	541
PRDM7	Pan	CM055496.2	PPA	413
RBMS3	Pan	CM055482.2	PPA	405
RGL4	Pan	CM068945.1	PPA	583
RGL4	Pan	CM068945.1	PPA	688
RGPD5	Pan	CM055484.2	PPA	1481
RGPD5	Pan	CM055484.2	PPA	1767
RWDD3	Pan	CM055475.2	PPA	189
RWDD3	Pan	CM055494.2	PPA	189
S10AB	Pan	CM055478.2	PPA	753
S10AB	Pan	CM055478.2	PPA	550
S31A1	Pan	CM055483.2	PPA	1297
S31D1	Pan	CM055483.2	PPA	1574
SEC22B	Pan	CM055472.2	PPA	215
SH2B2	Pan	CM055478.2	PPA	322
SH2B2	Pan	CM055478.2	PPA	629
SHISAL1	Pan	CM068945.1	PPA	200
SL9A1	Pan	CM055490.2	PPA	350
SL9A1	Pan	CM055490.2	PPA	381
SL9A1	Pan	CM055490.2	PPA	228
SL9A1	Pan	CM055490.2	PPA	655
SO1B3	Pan	CM055482.2	PPA	548
SO1B3	Pan	CM055482.2	PPA	703
SPD12	Pan	CM055478.2	PPA	266
SPD12	Pan	CM055478.2	PPA	191
SPD12	Pan	CM055478.2	PPA	281
SPD21	Pan	CM055478.2	PPA	377
SPDE1	Pan	CM055478.2	PPA	171
SPDE1	Pan	CM055478.2	PPA	402
SPDYE8	Pan	CM055478.2	PPA	191
SPDYE8	Pan	CM055478.2	PPA	146
SPI2B	Pan	CM055495.2	PPA	259
SPSY	Pan	CM055476.2	PPA	371
SPSY	Pan	CM055478.2	PPA	367
T53G5	Pan	CM055490.2	PPA	122
T53G5	Pan	CM055490.2	PPA	168
TBCD	Pan	CM055486.2	PPA	394
TEKT1	Pan	CM055488.2	PPA	172
TLK2	Pan	CM055478.2	PPA	371
TLK2	Pan	CM055491.2	PPA	752
TMEM191C	Pan	CM068945.1	PPA	386
TRI42	Pan	CM055491.2	PPA	349
TUBA3E	Pan	CM055485.2	PPA	460
TUBA3E	Pan	CM055485.2	PPA	443
TXNIP	Pan	CM055472.2	PPA	271
TXNIP	Pan	CM055472.2	PPA	396
UPK3B	Pan	CM055478.2	PPA	277
UPK3B	Pan	CM055478.2	PPA	154
UPK3B	Pan	CM055478.2	PPA	243
YF016	Pan	CM055477.2	PPA	417
ZBT46	Pan	CM055475.2	PPA	426
ZDH11	Pan	CM055472.2	PPA	391
ZDH11	Pan	CM055476.2	PPA	449
ZFAT	Pan	CM055492.2	PPA	781
ZN687	Pan	CM055475.2	PPA	863
ZNG1A	Pan	CM055472.2	PPA	365
ZNG1A	Pan	CM055475.2	PPA	332
ZNG1A	Pan	CM055476.2	PPA	365
ZNG1A	Pan	CM055477.2	PPA	365
ZNG1A	Pan	CM055478.2	PPA	332
ZNG1A	Pan	CM055480.2	PPA	335
ZNG1A	Pan	CM055480.2	PPA	316
ZNG1A	Pan	CM055483.2	PPA	336
ZNG1A	Pan	CM055486.2	PPA	336
ZNG1A	Pan	CM055490.2	PPA	317
ANKRD36B	PPY	CM054642.2	PPY	2437
APOC1	PPY	CM054650.2	PPY	92
BBC3B	PPY	CM054635.2	PPY	289
BPTF	PPY	CM054649.2	PPY	131
CA5BL	PPY	CM054653.2	PPY	201
CIC	PPY	CM054633.2	PPY	219
CNTNAP3	PPY	CM054643.2	PPY	1142
COX11	PPY	CM054635.2	PPY	232
COX11	PPY	CM054635.2	PPY	318
CP3A7	PPY	CM054636.2	PPY	504
CXCL8	PPY	CM054633.2	PPY	102
DAZ3	PPY	CM054654.2	PPY	840
DAZ3	PPY	CM054654.2	PPY	728
DAZ3	PPY	CM054654.2	PPY	660
DAZ3	PPY	CM054654.2	PPY	690
DAZ4	PPY	CM054654.2	PPY	780
DAZ4	PPY	CM054654.2	PPY	734
DAZ4	PPY	CM054654.2	PPY	473
DAZ4	PPY	CM054654.2	PPY	728
DAZ4	PPY	CM054654.2	PPY	922
EPM2A	PPY	CM054648.2	PPY	272
FA47A	PPY	CM054654.2	PPY	777
FA47A	PPY	CM054654.2	PPY	875
FMN2	PPY	CM068908.1	PPY	297
GOG8F	PPY	CM054646.2	PPY	657
GOLGA6L22	PPY	CM054646.2	PPY	716
GOLGA8F	PPY	CM054646.2	PPY	614
GOLGA8H	PPY	CM054646.2	PPY	667
GOLGA8R	PPY	CM054646.2	PPY	622
H2AZ	PPY	CM068907.1	PPY	129
HMR1	PPY	CM054630.2	PPY	341
HSFY2	PPY	CM054654.2	PPY	405
IL36B	PPY	CM054633.2	PPY	102
INSR	PPY	CM054638.2	PPY	1367
IT70B	PPY	CM054641.2	PPY	666
IWS1	PPY	CM068907.1	PPY	340
KAD5	PPY	CM054654.2	PPY	214
KAD5	PPY	CM054654.2	PPY	313
KAD5	PPY	CM054654.2	PPY	205
KIF27	PPY	CM054643.2	PPY	539
KIF27	PPY	CM054643.2	PPY	861
KPRP	PPY	CM068907.1	PPY	321
KR105	PPY	CM054630.2	PPY	635
LR75B	PPY	CM068908.1	PPY	404
MAGEA9	PPY	CM054653.2	PPY	316
MED8	PPY	CM054640.2	PPY	179
MTMR9	PPY	CM054635.2	PPY	180
NPIB5	PPY	CM054639.2	PPY	701
NPIPA3	PPY	CM054644.2	PPY	720
NTM2B	PPY	CM054638.2	PPY	869
NUTM2F	PPY	CM054638.2	PPY	806
O10G3	PPY	CM054645.2	PPY	322
OR4K1	PPY	CM054645.2	PPY	312
OR4K2	PPY	CM054645.2	PPY	315
P23D1	PPY	CM054637.2	PPY	280
PCLO	PPY	CM054648.2	PPY	539
PEPD	PPY	CM054649.2	PPY	231
PHB1	PPY	CM054640.2	PPY	240
PMS2L	PPY	CM054636.2	PPY	374
PPAC	PPY	CM054638.2	PPY	159
PRKY	PPY	CM054653.2	PPY	537
PRMT3	PPY	CM054639.2	PPY	532
PRR23D2	PPY	CM054637.2	PPY	280
PRSS2	PPY	CM054636.2	PPY	248
PSG8	PPY	CM054650.2	PPY	328
RL4	PPY	CM054643.2	PPY	507
RS27	PPY	CM054650.2	PPY	132
SCNNG	PPY	CM054648.2	PPY	224
SF3A3	PPY	CM054638.2	PPY	157
SH3G1	PPY	CM054649.2	PPY	1585
SPDE6	PPY	CM054649.2	PPY	305
SPDYE4	PPY	CM054649.2	PPY	238
SPDYE4	PPY	CM054649.2	PPY	315
SPDYE4	PPY	CM054649.2	PPY	201
SSX2	PPY	CM054653.2	PPY	171
SSX2	PPY	CM054653.2	PPY	548
SSX2B	PPY	CM054653.2	PPY	224
SSX3	PPY	CM054653.2	PPY	224
SSX7	PPY	CM054653.2	PPY	130
SSX7	PPY	CM054653.2	PPY	242
SSX7	PPY	CM054653.2	PPY	224
SSX7	PPY	CM054653.2	PPY	236
ST1C3	PPY	CM054642.2	PPY	202
ST1C4	PPY	CM054642.2	PPY	308
ST1C4	PPY	CM054642.2	PPY	198
ST1C4	PPY	CM054642.2	PPY	348
SYCY1	PPY	CM054642.2	PPY	80
TBA4A	PPY	CM068908.1	PPY	127
TBC1D3	PPY	CM054649.2	PPY	564
TBC1D3B	PPY	CM054649.2	PPY	541
TBC1D3B	PPY	CM054649.2	PPY	635
TBC1D3E	PPY	CM054649.2	PPY	531
TBC1D3G	PPY	CM054649.2	PPY	582
TBC1D3I	PPY	CM054649.2	PPY	548
TBC1D3K	PPY	CM054649.2	PPY	548
TBC3K	PPY	CM054649.2	PPY	223
TBL1Y	PPY	CM054654.2	PPY	432
TCPZ	PPY	CM054649.2	PPY	396
TCPZ	PPY	CM054649.2	PPY	214
TIF1B	PPY	CM054650.2	PPY	210
TP53TG3C	PPY	CM054648.2	PPY	241
TRBC2	PPY	CM054636.2	PPY	230
TRIM6	PPY	CM054633.2	PPY	472
TRY2	PPY	CM054636.2	PPY	248
TRY2	PPY	CM054636.2	PPY	262
TSPY8	PPY	CM054654.2	PPY	265
ZA2G	PPY	CM054636.2	PPY	299
ZA2G	PPY	CM054636.2	PPY	116
ZBT21	PPY	CM054642.2	PPY	220
ZMY11	PPY	CM054649.2	PPY	183
ZMY12	PPY	CM054644.2	PPY	386
ZN473	PPY	CM054649.2	PPY	225
ZN573	PPY	CM054650.2	PPY	681
ZN587	PPY	CM054650.2	PPY	574
ZN716	PPY	CM054636.2	PPY	490
ZNF33B	PPY	CM054638.2	PPY	863
ZNF658	PPY	CM054643.2	PPY	1057
ZNF717	PPY	CM054644.2	PPY	
ZNHIT3	PPY	CM054649.2	PPY	971
AMYP	Pongo	CM054630.2	PPY	512
AN36A	Pongo	CM054642.2	PPY	646
AN36A	Pongo	CM054652.2	PPY	317
AN36A	Pongo	CM068908.1	PPY	2184
ANM7	Pongo	CM054639.2	PPY	532
ANP32E	Pongo	CM054630.2	PPY	268
APBB1	Pongo	CM054646.2	PPY	361
APBB1	Pongo	CM054646.2	PPY	251
APBB1	Pongo	CM054646.2	PPY	302
APBB1	Pongo	CM054646.2	PPY	97
APBB1	Pongo	CM054646.2	PPY	358
AT8A2	Pongo	CM054644.2	PPY	488
AT8A2	Pongo	CM054644.2	PPY	558
BRCC3	Pongo	CM054634.2	PPY	322
CAH6	Pongo	CM054637.2	PPY	263
CAH6	Pongo	CM054637.2	PPY	340
CASPC	Pongo	CM054639.2	PPY	422
CASPC	Pongo	CM054639.2	PPY	356
CBX7	Pongo	CM054635.2	PPY	255
CCNQ	Pongo	CM054634.2	PPY	249
CEP20	Pongo	CM054648.2	PPY	185
CNTP4	Pongo	CM054641.2	PPY	1401
COG7	Pongo	CM054648.2	PPY	743
COG7	Pongo	CM054648.2	PPY	771
CP250	Pongo	CM054640.2	PPY	211
CP250	Pongo	CM054648.2	PPY	211
CP7B1	Pongo	CM054637.2	PPY	438
CREG2	Pongo	CM054642.2	PPY	185
CREG2	Pongo	CM054642.2	PPY	224
CST1	Pongo	CM054651.2	PPY	141
CT47A	Pongo	CM054653.2	PPY	301
CT47A7	Pongo	CM054653.2	PPY	301
CTAGE15	Pongo	CM054636.2	PPY	776
CTGEF	Pongo	CM054636.2	PPY	776
CTGEF	Pongo	CM054644.2	PPY	776
CYTN	Pongo	CM054651.2	PPY	142
CYTN	Pongo	CM054651.2	PPY	141
CYTSA	Pongo	CM068908.1	PPY	985
D19P2	Pongo	CM054636.2	PPY	190
DPF3	Pongo	CM054650.2	PPY	436
DRICH1	Pongo	CM068908.1	PPY	336
ERR1	Pongo	CM054636.2	PPY	282
ERR1	Pongo	CM054641.2	PPY	423
F182A	Pongo	CM054649.2	PPY	229
FSCN2	Pongo	CM054646.2	PPY	493
FSCN2	Pongo	CM054646.2	PPY	215
FSCN2	Pongo	CM054646.2	PPY	199
GCC1	Pongo	CM054642.2	PPY	2023
GCC1	Pongo	CM054642.2	PPY	600
GCC1	Pongo	CM054642.2	PPY	449
GCC1	Pongo	CM054650.2	PPY	698
GCC2	Pongo	CM054642.2	PPY	1670
GLUD2	Pongo	CM054653.2	PPY	559
GLYG2	Pongo	CM054654.2	PPY	449
GOG6B	Pongo	CM054646.2	PPY	741
GOG6B	Pongo	CM054646.2	PPY	592
GOG6B	Pongo	CM054646.2	PPY	752
GOG6D	Pongo	CM054646.2	PPY	682
GOG8H	Pongo	CM054646.2	PPY	614
GOG8H	Pongo	CM054646.2	PPY	629
GOLGA6A	Pongo	CM054646.2	PPY	934
GOLGA6L1	Pongo	CM054646.2	PPY	749
GOLGA6L1	Pongo	CM054646.2	PPY	750
GOLGA6L6	Pongo	CM054646.2	PPY	731
GOLGA8O	Pongo	CM054646.2	PPY	622
GUSB	Pongo	CM054636.2	PPY	462
HEATR6	Pongo	CM054649.2	PPY	1204
ICAM5	Pongo	CM054649.2	PPY	516
IL32	Pongo	CM054648.2	PPY	170
KCTD5	Pongo	CM054648.2	PPY	416
LITAF	Pongo	CM054648.2	PPY	162
LYSC	Pongo	CM054642.2	PPY	213
M4A6A	Pongo	CM054639.2	PPY	405
MAGB4	Pongo	CM054653.2	PPY	316
MAGB4	Pongo	CM054653.2	PPY	312
MAGC1	Pongo	CM054653.2	PPY	679
MAGC1	Pongo	CM054653.2	PPY	1306
MAGC1	Pongo	CM054653.2	PPY	1179
MCTP2	Pongo	CM054646.2	PPY	729
MCTP2	Pongo	CM054646.2	PPY	214
MCTP2	Pongo	CM054646.2	PPY	749
MCTP2	Pongo	CM054646.2	PPY	731
MCTP2	Pongo	CM054646.2	PPY	125
MICA	Pongo	CM054635.2	PPY	393
MIPEP	Pongo	CM054644.2	PPY	861
MIPEP	Pongo	CM054644.2	PPY	737
MIPEP	Pongo	CM054644.2	PPY	706
MIPEP	Pongo	CM054644.2	PPY	720
MIX23	Pongo	CM054647.2	PPY	177
MMP23	Pongo	CM054630.2	PPY	425
MORC4	Pongo	CM054638.2	PPY	277
MORC4	Pongo	CM054650.2	PPY	677
MSTRG.2403	Pongo	CM054649.2	PPY	528
MUC2	Pongo	CM068907.1	PPY	365
MUC20	Pongo	CM068907.1	PPY	542
MUC20	Pongo	CM068907.1	PPY	1026
MUC4	Pongo	CM068907.1	PPY	161
MUC4	Pongo	CM068907.1	PPY	1058
MUC4	Pongo	CM068907.1	PPY	1026
MYO19	Pongo	CM054649.2	PPY	971
MYO19	Pongo	CM054649.2	PPY	548
MYO19	Pongo	CM054649.2	PPY	631
NBR1	Pongo	CM054643.2	PPY	244
NBR1	Pongo	CM054649.2	PPY	113
NP1L4	Pongo	CM054630.2	PPY	387
NUD11	Pongo	CM054653.2	PPY	283
NUTM2A	Pongo	CM054638.2	PPY	869
O10A7	Pongo	CM054650.2	PPY	325
PIGW	Pongo	CM054649.2	PPY	505
PIGW	Pongo	CM054649.2	PPY	573
PPIE	Pongo	CM054630.2	PPY	261
PRKX	Pongo	CM054653.2	PPY	537
PRPC	Pongo	CM054640.2	PPY	167
PSG1	Pongo	CM054650.2	PPY	420
PSIP1	Pongo	CM054647.2	PPY	572
PSIP1	Pongo	CM054647.2	PPY	571
PSIP1	Pongo	CM054647.2	PPY	547
PSIP1	Pongo	CM054647.2	PPY	574
PSIP1	Pongo	CM054647.2	PPY	570
QCR2	Pongo	CM054648.2	PPY	399
QCR2	Pongo	CM054648.2	PPY	389
QCR2	Pongo	CM054648.2	PPY	454
RBIS	Pongo	CM054637.2	PPY	101
RFX8	Pongo	CM054642.2	PPY	929
RFX8	Pongo	CM054642.2	PPY	918
RFX8	Pongo	CM054642.2	PPY	656
RL18	Pongo	CM054630.2	PPY	298
RMI1	Pongo	CM054648.2	PPY	148
RS3A	Pongo	CM054633.2	PPY	265
S26A4	Pongo	CM054653.2	PPY	308
SERB	Pongo	CM054636.2	PPY	164
SERB	Pongo	CM054636.2	PPY	192
SORC3	Pongo	CM054644.2	PPY	262
SPDE4	Pongo	CM054649.2	PPY	315
SPDE4	Pongo	CM054649.2	PPY	238
SPDE7	Pongo	CM054636.2	PPY	280
SPDE7	Pongo	CM054636.2	PPY	281
SRSF9	Pongo	CM054644.2	PPY	120
SSPO	Pongo	CM054636.2	PPY	5078
SSPO	Pongo	CM054636.2	PPY	1045
TBC1D28	Pongo	CM054649.2	PPY	84
TENS3	Pongo	CM054649.2	PPY	448
TENS3	Pongo	CM054649.2	PPY	477
TENS3	Pongo	CM054649.2	PPY	468
TENS3	Pongo	CM054649.2	PPY	494
TENS3	Pongo	CM054649.2	PPY	436
TM231	Pongo	CM054648.2	PPY	88
TN13B	Pongo	CM054649.2	PPY	157
TRIM73	Pongo	CM054636.2	PPY	370
TUBB8	Pongo	CM068908.1	PPY	298
TV23B	Pongo	CM054648.2	PPY	205
TXD17	Pongo	CM054642.2	PPY	180
TXD17	Pongo	CM054642.2	PPY	227
UBP5	Pongo	CM054648.2	PPY	634
UBP5	Pongo	CM054648.2	PPY	386
UBP5	Pongo	CM054648.2	PPY	1361
UBP54	Pongo	CM054637.2	PPY	518
UBP54	Pongo	CM054637.2	PPY	514
UBP54	Pongo	CM054637.2	PPY	542
UBP54	Pongo	CM054637.2	PPY	623
UBP54	Pongo	CM054649.2	PPY	1407
UBP54	Pongo	CM054649.2	PPY	210
YB057	Pongo	CM054643.2	PPY	404
Z705A	Pongo	CM054646.2	PPY	276
ZBT7A	Pongo	CM054650.2	PPY	460
ZN135	Pongo	CM054635.2	PPY	189
ZN195	Pongo	CM054633.2	PPY	235
ZN417	Pongo	CM054650.2	PPY	577
ZN467	Pongo	CM054636.2	PPY	637
ZN622	Pongo	CM054637.2	PPY	101
ZN646	Pongo	CM054641.2	PPY	587
ZN646	Pongo	CM054641.2	PPY	915
ZN646	Pongo	CM054644.2	PPY	398
ZN646	Pongo	CM054646.2	PPY	317
ZN646	Pongo	CM054652.2	PPY	418
ZN646	Pongo	CM054654.2	PPY	398
ZN646	Pongo	CM068907.1	PPY	914
ZN646	Pongo	CM068907.1	PPY	517
ZNF492	Pongo	CM054650.2	PPY	574
ZNF705D	Pongo	CM054646.2	PPY	276
ZNF716	Pongo	CM054636.2	PPY	490
6PGD	PTR	CM054446.2	PTR	439
AG1L2	PTR	CM054441.2	PTR	484
AG1L2	PTR	CM054442.2	PTR	142
AQP7B	PTR	CM054446.2	PTR	404
ASSY	PTR	CM054439.2	PTR	208
BMI1	PTR	CM054441.2	PTR	327
BRD9	PTR	CM054434.2	PTR	644
BTF3	PTR	CM054447.2	PTR	163
C2G1P	PTR	CM054454.2	PTR	147
CCDC74B	PTR	CM054447.2	PTR	483
CDC14C	PTR	CM054440.2	PTR	455
CLEC18B	PTR	CM054452.2	PTR	456
DACT2	PTR	CM054455.2	PTR	629
DTX1	PTR	CM054440.2	PTR	477
DUX4C	PTR	CM068905.1	PTR	244
EIF4A3	PTR	CM054453.2	PTR	412
EIF4A3	PTR	CM054453.2	PTR	406
EIF5AL1	PTR	CM054442.2	PTR	155
F86B1	PTR	CM054442.2	PTR	297
FBW1B	PTR	CM054453.2	PTR	244
FCG3B	PTR	CM054434.2	PTR	292
FCG3B	PTR	CM054434.2	PTR	234
FCG3B	PTR	CM054434.2	PTR	341
FOH1B	PTR	CM054443.2	PTR	736
FOXD4L1	PTR	CM054447.2	PTR	461
FX4L1	PTR	CM054447.2	PTR	461
GGT2	PTR	CM054446.2	PTR	124
GGTLC2	PTR	CM068906.1	PTR	284
IF5A1	PTR	CM054442.2	PTR	155
IGHE	PTR	CM054449.2	PTR	473
KCMB3	PTR	CM068906.1	PTR	211
KRA41	PTR	CM054456.2	PTR	293
KVD28	PTR	CM054446.2	PTR	241
LRRF2	PTR	CM068905.1	PTR	674
MALR1	PTR	CM054439.2	PTR	297
MALR1	PTR	CM054440.2	PTR	108
MALR1	PTR	CM054440.2	PTR	185
MALR1	PTR	CM054440.2	PTR	227
MALR1	PTR	CM054441.2	PTR	108
MALR1	PTR	CM054441.2	PTR	166
MALR1	PTR	CM054441.2	PTR	134
MALR1	PTR	CM054442.2	PTR	108
MALR1	PTR	CM054442.2	PTR	208
MALR1	PTR	CM054443.2	PTR	258
MALR1	PTR	CM054444.2	PTR	196
MALR1	PTR	CM054444.2	PTR	185
MALR1	PTR	CM054444.2	PTR	208
MALR1	PTR	CM054445.2	PTR	108
MALR1	PTR	CM054446.2	PTR	108
MALR1	PTR	CM054446.2	PTR	266
MALR1	PTR	CM054447.2	PTR	233
MALR1	PTR	CM054448.2	PTR	134
MALR1	PTR	CM054448.2	PTR	220
MALR1	PTR	CM054452.2	PTR	185
MALR1	PTR	CM054452.2	PTR	297
MALR1	PTR	CM054452.2	PTR	108
MALR1	PTR	CM054453.2	PTR	233
MALR1	PTR	CM054453.2	PTR	389
MALR1	PTR	CM054454.2	PTR	108
MALR1	PTR	CM054455.2	PTR	108
MALR1	PTR	CM054455.2	PTR	134
MALR1	PTR	CM054455.2	PTR	200
MALR1	PTR	CM054456.2	PTR	202
MALR1	PTR	CM054457.2	PTR	134
MALR1	PTR	CM054458.2	PTR	134
MALR1	PTR	CM068905.1	PTR	297
MALR1	PTR	CM068905.1	PTR	185
MALR1	PTR	CM068905.1	PTR	134
MALR1	PTR	CM068906.1	PTR	227
MALR1	PTR	CM068906.1	PTR	266
MYLK2	PTR	CM068905.1	PTR	305
MYO5B	PTR	CM054445.2	PTR	311
MYO5B	PTR	CM054448.2	PTR	488
MYO5B	PTR	CM054448.2	PTR	256
MYO5B	PTR	CM054449.2	PTR	256
MYO5B	PTR	CM054450.2	PTR	289
MYO5B	PTR	CM054451.2	PTR	488
MYO5B	PTR	CM054451.2	PTR	256
MYO5B	PTR	CM054455.2	PTR	428
MYO5B	PTR	CM068906.1	PTR	256
NBPF11	PTR	CM054434.2	PTR	601
NBPFF	PTR	CM054434.2	PTR	1123
NBPFP	PTR	CM054434.2	PTR	658
NKG2C	PTR	CM054444.2	PTR	234
NOS2	PTR	CM054453.2	PTR	383
NOS2	PTR	CM054453.2	PTR	133
NPIPB8	PTR	CM054452.2	PTR	442
NTM2A	PTR	CM054442.2	PTR	665
NTM2G	PTR	CM054445.2	PTR	150
NUD15	PTR	CM054442.2	PTR	165
OR1B1	PTR	CM068905.1	PTR	210
OR4L1	PTR	CM054454.2	PTR	380
PA2G4	PTR	CM068905.1	PTR	488
PARK7	PTR	CM054457.2	PTR	190
PCH2	PTR	CM054434.2	PTR	490
PILRA	PTR	CM054440.2	PTR	231
PLA2G4B	PTR	CM054438.2	PTR	925
PLA2G4B	PTR	CM054439.2	PTR	299
PLA2G4B	PTR	CM054439.2	PTR	747
PLA2G4B	PTR	CM054444.2	PTR	
PLA2G4B	PTR	CM054446.2	PTR	1030
PLA2G4B	PTR	CM054447.2	PTR	1014
PLA2G4B	PTR	CM054455.2	PTR	
PLA2G4B	PTR	CM054457.2	PTR	299
PLA2G4B	PTR	CM068905.1	PTR	803
PLA2G4B	PTR	CM068906.1	PTR	1014
POTEB	PTR	CM054451.2	PTR	411
POTED	PTR	CM054448.2	PTR	585
POTEF	PTR	CM054449.2	PTR	738
POTEI	PTR	CM054449.2	PTR	738
PR20E	PTR	CM054448.2	PTR	222
PRAM2	PTR	CM054434.2	PTR	230
PRAM2	PTR	CM054434.2	PTR	474
PRAMEF13	PTR	CM054434.2	PTR	229
PRR20A	PTR	CM054448.2	PTR	221
PRR20A	PTR	CM054448.2	PTR	222
RAB42	PTR	CM054449.2	PTR	219
RDH10	PTR	CM054441.2	PTR	342
RL30	PTR	CM054439.2	PTR	126
RP1	PTR	CM054440.2	PTR	222
RTN3	PTR	CM054437.2	PTR	213
S29P2	PTR	CM054452.2	PTR	292
S29P2	PTR	CM054452.2	PTR	242
SAGE1	PTR	CM054457.2	PTR	921
SAM11	PTR	CM054440.2	PTR	861
SAM11	PTR	CM054455.2	PTR	948
SORD	PTR	CM054450.2	PTR	358
SP20H	PTR	CM054457.2	PTR	819
SPATA31A3	PTR	CM054445.2	PTR	1297
SPATA31D4	PTR	CM054445.2	PTR	1571
SPDYE3	PTR	CM054440.2	PTR	339
SPTC3	PTR	CM054445.2	PTR	221
SPTN4	PTR	CM054438.2	PTR	2162
SPTN4	PTR	CM054439.2	PTR	2022
SPTN4	PTR	CM054439.2	PTR	2212
SPTN4	PTR	CM054440.2	PTR	2270
SPTN4	PTR	CM054444.2	PTR	1988
SPTN4	PTR	CM054446.2	PTR	2269
SPTN4	PTR	CM054447.2	PTR	2337
SPTN4	PTR	CM054452.2	PTR	340
SPTN4	PTR	CM054452.2	PTR	303
SPTN4	PTR	CM054455.2	PTR	2135
SPTN4	PTR	CM054457.2	PTR	1981
SPTN4	PTR	CM068905.1	PTR	1348
SPTN4	PTR	CM068906.1	PTR	2365
SRSF7	PTR	CM054440.2	PTR	294
SRSF7	PTR	CM054443.2	PTR	280
SWAHC	PTR	CM054448.2	PTR	298
SWAHC	PTR	CM054449.2	PTR	153
SWAHC	PTR	CM054449.2	PTR	298
SWAHC	PTR	CM054450.2	PTR	305
SWAHC	PTR	CM054451.2	PTR	302
SWAHC	PTR	CM054451.2	PTR	298
SWAHC	PTR	CM054456.2	PTR	302
SWAHC	PTR	CM054458.2	PTR	302
SWAHC	PTR	CM068906.1	PTR	302
SWAHC	PTR	CM068906.1	PTR	298
SYT15	PTR	CM054442.2	PTR	792
T2R43	PTR	CM054444.2	PTR	310
TBA8	PTR	CM054447.2	PTR	435
TMX1	PTR	CM054445.2	PTR	232
TNFRSF10D	PTR	CM054441.2	PTR	416
TRAC	PTR	CM054440.2	PTR	112
TRI27	PTR	CM054454.2	PTR	590
TRI52	PTR	CM054441.2	PTR	293
TRI52	PTR	CM054442.2	PTR	294
TRI52	PTR	CM068905.1	PTR	293
TRIM52	PTR	CM054441.2	PTR	293
TRIM52	PTR	CM054442.2	PTR	294
TRIM52	PTR	CM068905.1	PTR	293
TUBA3D	PTR	CM054447.2	PTR	451
U633C	PTR	CM054445.2	PTR	92
U633C	PTR	CM054445.2	PTR	95
UB2R2	PTR	CM054434.2	PTR	239
UBIP1	PTR	CM054449.2	PTR	283
UDB10	PTR	CM054437.2	PTR	281
UDB10	PTR	CM054437.2	PTR	369
ULBP2	PTR	CM054439.2	PTR	211
ULBP2	PTR	CM054439.2	PTR	247
ZC3H11B	PTR	CM054434.2	PTR	805
ZN345	PTR	CM054454.2	PTR	594
ZN664	PTR	CM054434.2	PTR	262
AB17A	Pan	CM054434.2	PTR	253
AB17A	Pan	CM054438.2	PTR	311
AB17A	Pan	CM068906.1	PTR	309
ACAP1	Pan	CM054442.2	PTR	243
AN20B	Pan	CM054446.2	PTR	824
AN20B	Pan	CM054446.2	PTR	822
BRD4	Pan	CM054434.2	PTR	644
BRD4	Pan	CM054437.2	PTR	594
BRD4	Pan	CM068905.1	PTR	650
C1TM	Pan	CM054445.2	PTR	109
C1TM	Pan	CM054446.2	PTR	110
CASP	Pan	CM054440.2	PTR	352
CBWD1	Pan	CM054439.2	PTR	90
CCD92	Pan	CM054447.2	PTR	481
CHAP1	Pan	CM054446.2	PTR	386
CLN3	Pan	CM054452.2	PTR	460
CLN3	Pan	CM054452.2	PTR	441
CLN3	Pan	CM054452.2	PTR	490
CLN3	Pan	CM054452.2	PTR	385
COTL1	Pan	CM054453.2	PTR	140
DCR1C	Pan	CM054441.2	PTR	188
DDX11	Pan	CM054444.2	PTR	1000
DHB7	Pan	CM054442.2	PTR	342
DNJC9	Pan	CM054455.2	PTR	254
DTX2	Pan	CM054440.2	PTR	229
DTX2	Pan	CM054440.2	PTR	520
DTX2	Pan	CM054440.2	PTR	445
DTX2	Pan	CM054440.2	PTR	792
EFL1	Pan	CM054450.2	PTR	519
EIF3C	Pan	CM054452.2	PTR	914
EIF3C	Pan	CM054452.2	PTR	738
EIF3C	Pan	CM054452.2	PTR	407
EIF3CL	Pan	CM054452.2	PTR	914
EIF3CL	Pan	CM054452.2	PTR	738
F106A	Pan	CM054453.2	PTR	105
F157B	Pan	CM054434.2	PTR	97
F157B	Pan	CM054438.2	PTR	97
F157B	Pan	CM054451.2	PTR	97
F185A	Pan	CM054440.2	PTR	366
F90AP	Pan	CM054441.2	PTR	465
F90AP	Pan	CM054441.2	PTR	492
F90AP	Pan	CM054441.2	PTR	428
F90AP	Pan	CM054441.2	PTR	484
FAHD1	Pan	CM054452.2	PTR	248
GGT6	Pan	CM068906.1	PTR	304
GGT6	Pan	CM068906.1	PTR	284
GLO2	Pan	CM054452.2	PTR	309
GLPK	Pan	CM054437.2	PTR	560
GLPK	Pan	CM054457.2	PTR	525
GLRX3	Pan	CM054434.2	PTR	296
GLRX3	Pan	CM054434.2	PTR	290
GRAP	Pan	CM054434.2	PTR	152
HIG1A	Pan	CM054443.2	PTR	127
HMGN2	Pan	CM054438.2	PTR	134
HMGN2	Pan	CM054449.2	PTR	91
HMGN2	Pan	CM054450.2	PTR	99
HYAS2	Pan	CM054440.2	PTR	553
ICAM2	Pan	CM054453.2	PTR	463
IF4A3	Pan	CM054453.2	PTR	412
IF4A3	Pan	CM054453.2	PTR	411
INT4	Pan	CM054440.2	PTR	163
INT4	Pan	CM054440.2	PTR	437
INT4	Pan	CM054440.2	PTR	700
KANK4	Pan	CM054455.2	PTR	1366
KCTD9	Pan	CM054438.2	PTR	219
KCTD9	Pan	CM054453.2	PTR	276
KLF7	Pan	CM054434.2	PTR	458
LAT1N	Pan	CM054452.2	PTR	478
LAT1N	Pan	CM054452.2	PTR	307
MAPKBP1	Pan	CM054450.2	PTR	1549
MEIG1	Pan	CM054442.2	PTR	88
METTL2B	Pan	CM054440.2	PTR	379
MF14C	Pan	CM054445.2	PTR	186
NBPF9	Pan	CM054434.2	PTR	624
NPB15	Pan	CM054452.2	PTR	396
NPB15	Pan	CM054452.2	PTR	496
NPB15	Pan	CM054452.2	PTR	616
NPB15	Pan	CM054452.2	PTR	312
NPB15	Pan	CM054452.2	PTR	332
NPB15	Pan	CM054452.2	PTR	623
NPB15	Pan	CM054452.2	PTR	579
NPIB2	Pan	CM054452.2	PTR	515
NPIB6	Pan	CM054453.2	PTR	372
NPIB8	Pan	CM054452.2	PTR	522
NPIB8	Pan	CM054452.2	PTR	315
NPIB8	Pan	CM054452.2	PTR	442
NPIB8	Pan	CM054452.2	PTR	558
NPIB8	Pan	CM054452.2	PTR	268
NPIB8	Pan	CM054452.2	PTR	667
NPIB8	Pan	CM054452.2	PTR	713
NPIB9	Pan	CM054451.2	PTR	281
OR6B2	Pan	CM054447.2	PTR	388
OTOAN	Pan	CM054452.2	PTR	362
OTOAN	Pan	CM054452.2	PTR	368
OTOAN	Pan	CM054452.2	PTR	458
POTEM	Pan	CM054449.2	PTR	452
PPP2R3B	Pan	CM054458.2	PTR	643
PRDM7	Pan	CM054439.2	PTR	363
PRDM7	Pan	CM054445.2	PTR	357
PRDM7	Pan	CM054447.2	PTR	399
PRDM7	Pan	CM054457.2	PTR	139
RBMS3	Pan	CM054444.2	PTR	405
RGL4	Pan	CM068906.1	PTR	587
RGPD5	Pan	CM054446.2	PTR	1800
RWDD3	Pan	CM054456.2	PTR	189
S10AB	Pan	CM054440.2	PTR	753
S10AB	Pan	CM054444.2	PTR	105
S31A1	Pan	CM054445.2	PTR	1297
S31D1	Pan	CM054445.2	PTR	1571
SEC22B	Pan	CM054434.2	PTR	215
SH2B2	Pan	CM054440.2	PTR	318
SHISAL1	Pan	CM068906.1	PTR	200
SL9A1	Pan	CM054452.2	PTR	355
SL9A1	Pan	CM054452.2	PTR	308
SO1B3	Pan	CM054444.2	PTR	703
SPD12	Pan	CM054440.2	PTR	266
SPD21	Pan	CM054440.2	PTR	379
SPD21	Pan	CM054440.2	PTR	377
SPD21	Pan	CM054440.2	PTR	386
SPDE1	Pan	CM054440.2	PTR	402
SPDE1	Pan	CM054440.2	PTR	403
SPDYE8	Pan	CM054440.2	PTR	266
SPI2B	Pan	CM054457.2	PTR	259
SPSY	Pan	CM054440.2	PTR	367
T53G5	Pan	CM054452.2	PTR	122
TBCD	Pan	CM054434.2	PTR	371
TBCD	Pan	CM054448.2	PTR	230
TEKT1	Pan	CM054449.2	PTR	153
TLK2	Pan	CM054440.2	PTR	275
TLK2	Pan	CM054453.2	PTR	751
TMEM191C	Pan	CM068906.1	PTR	283
TPTE2	Pan	CM054448.2	PTR	151
TPTE2	Pan	CM054448.2	PTR	162
TPTE2	Pan	CM054448.2	PTR	289
TPTE2	Pan	CM054448.2	PTR	105
TRI42	Pan	CM054453.2	PTR	349
TUBA3E	Pan	CM054447.2	PTR	435
TXNIP	Pan	CM054434.2	PTR	296
TXNIP	Pan	CM054434.2	PTR	290
UPK3B	Pan	CM054440.2	PTR	300
UPK3B	Pan	CM054440.2	PTR	355
UPK3B	Pan	CM054440.2	PTR	264
YF016	Pan	CM054439.2	PTR	417
ZBT46	Pan	CM054437.2	PTR	430
ZDH11	Pan	CM054434.2	PTR	488
ZFAT	Pan	CM054454.2	PTR	781
ZN687	Pan	CM054437.2	PTR	906
ZN687	Pan	CM054446.2	PTR	924
ZN687	Pan	CM054447.2	PTR	1302
ZNG1A	Pan	CM054439.2	PTR	90
ZNG1A	Pan	CM054448.2	PTR	109
AC242842.3	SSY	CM054527.2	SSY	504
AEN	SSY	CM054533.2	SSY	355
AN30A	SSY	CM054528.2	SSY	167
ANO8	SSY	CM054533.2	SSY	402
ANXA2R	SSY	CM054524.2	SSY	194
APOBEC3H	SSY	CM054526.2	SSY	295
ARF1	SSY	CM054528.2	SSY	
ARG28	SSY	CM054530.2	SSY	774
ATD3B	SSY	CM054530.2	SSY	184
C1D	SSY	CM054512.2	SSY	142
C1D	SSY	CM054521.2	SSY	141
CAPN8	SSY	CM054520.2	SSY	625
CCL25	SSY	CM054517.2	SSY	99
CLD10	SSY	CM054523.2	SSY	284
CLD10	SSY	CM054523.2	SSY	197
COMMD1	SSY	CM054522.2	SSY	184
COMMD4	SSY	CM054513.2	SSY	207
COX5A	SSY	CM054513.2	SSY	188
CSAG2	SSY	CM054533.2	SSY	128
CSF2	SSY	CM054533.2	SSY	426
CSF2	SSY	CM054533.2	SSY	401
CSF2	SSY	CM054534.2	SSY	413
DUS11	SSY	CM054522.2	SSY	378
DUS11	SSY	CM054522.2	SSY	205
DUSP11	SSY	CM054522.2	SSY	378
DUSP11	SSY	CM054522.2	SSY	215
ENK19	SSY	CM054509.2	SSY	107
ENK8	SSY	CM054509.2	SSY	150
ENK8	SSY	CM054521.2	SSY	150
ENK8	SSY	CM054521.2	SSY	156
ESX1	SSY	CM054533.2	SSY	133
F10A1	SSY	CM054516.2	SSY	169
FA76B	SSY	CM054522.2	SSY	283
FACD2	SSY	CM054529.2	SSY	118
FDXR	SSY	CM054522.2	SSY	533
FRG2C	SSY	CM054513.2	SSY	283
FRG2C	SSY	CM054516.2	SSY	121
FWCH1	SSY	CM054533.2	SSY	582
GBA3	SSY	CM054524.2	SSY	470
GG6L9	SSY	CM054513.2	SSY	311
GG6L9	SSY	CM054513.2	SSY	505
HSP74	SSY	CM054531.2	SSY	642
I11RA	SSY	CM054517.2	SSY	472
IGLC1	SSY	CM054526.2	SSY	234
IT70A	SSY	CM054516.2	SSY	666
JADE3	SSY	CM054522.2	SSY	94
K1C10	SSY	CM054528.2	SSY	523
K1C14	SSY	CM054528.2	SSY	113
KCNQ5	SSY	CM054522.2	SSY	91
KI2S2	SSY	CM054521.2	SSY	410
KIAA0040	SSY	CM054527.2	SSY	100
LANC1	SSY	CM054533.2	SSY	181
LDH6B	SSY	CM054510.2	SSY	377
LMAN1	SSY	CM054530.2	SSY	1026
LMLN	SSY	CM054513.2	SSY	221
MKRN1	SSY	CM054526.2	SSY	223
MRPS23	SSY	CM054528.2	SSY	192
MRT4	SSY	CM054530.2	SSY	273
MRT4	SSY	CM054530.2	SSY	193
MSTRG.3142	SSY	CM054522.2	SSY	1383
MSTRG.359	SSY	CM054530.2	SSY	856
MT21A	SSY	CM054510.2	SSY	184
MUC3A	SSY	CM054533.2	SSY	407
MYP2	SSY	CM054528.2	SSY	140
NENF	SSY	CM054521.2	SSY	170
NXF1	SSY	CM054533.2	SSY	652
OPA1	SSY	CM054525.2	SSY	1017
OPA1	SSY	CM054525.2	SSY	1000
P2RY6	SSY	CM054534.2	SSY	377
PA2GA	SSY	CM054526.2	SSY	159
PCNP	SSY	CM054521.2	SSY	140
PDPK1	SSY	CM054522.2	SSY	425
PDPK1	SSY	CM054522.2	SSY	534
PIN1	SSY	CM054532.2	SSY	158
PKN2	SSY	CM054509.2	SSY	935
PKN2	SSY	CM054509.2	SSY	936
PKN2	SSY	CM054512.2	SSY	585
PKN2	SSY	CM054512.2	SSY	920
PKN2	SSY	CM054512.2	SSY	938
PKN2	SSY	CM054512.2	SSY	782
PKN2	SSY	CM054512.2	SSY	714
PKN2	SSY	CM054523.2	SSY	938
PKN2	SSY	CM054523.2	SSY	1299
PKN2	SSY	CM054523.2	SSY	985
PKN2	SSY	CM054523.2	SSY	785
PKN2	SSY	CM054523.2	SSY	777
PKN2	SSY	CM054523.2	SSY	1093
PKN2	SSY	CM054523.2	SSY	936
PKN2	SSY	CM054524.2	SSY	1095
PKN2	SSY	CM054532.2	SSY	962
PRPF8	SSY	CM054528.2	SSY	311
PSG7	SSY	CM054525.2	SSY	435
PTCD3	SSY	CM054522.2	SSY	550
PTN3	SSY	CM054516.2	SSY	278
RARS1	SSY	CM054515.2	SSY	650
RHOA	SSY	CM054510.2	SSY	196
RIGI	SSY	CM054511.2	SSY	621
RIMB1	SSY	CM054528.2	SSY	188
RIMB1	SSY	CM054528.2	SSY	237
RL38	SSY	CM054522.2	SSY	70
RL39	SSY	CM054528.2	SSY	70
RN216	SSY	CM054517.2	SSY	105
RN216	SSY	CM054517.2	SSY	924
RP2	SSY	CM054522.2	SSY	351
RPA1	SSY	CM054522.2	SSY	151
RPA1	SSY	CM054522.2	SSY	1383
RPA1	SSY	CM054522.2	SSY	1665
RPL38	SSY	CM054522.2	SSY	70
RS5	SSY	CM054511.2	SSY	304
RS6	SSY	CM054529.2	SSY	219
RSAD1	SSY	CM054528.2	SSY	464
RSAD1	SSY	CM054528.2	SSY	596
RSAD1	SSY	CM054528.2	SSY	433
RT23	SSY	CM054528.2	SSY	192
RUVB1	SSY	CM054529.2	SSY	244
RUVB1	SSY	CM054529.2	SSY	199
RUVB1	SSY	CM054534.2	SSY	199
SAV1	SSY	CM054528.2	SSY	195
SBNO2	SSY	CM054516.2	SSY	163
SGSM2	SSY	CM054522.2	SSY	157
SHCBP1	SSY	CM054519.2	SSY	635
SKP2	SSY	CM054524.2	SSY	223
SPATA20	SSY	CM054528.2	SSY	838
STABP	SSY	CM054522.2	SSY	345
SYRC	SSY	CM054515.2	SSY	650
TAF13	SSY	CM054533.2	SSY	149
TDGF1	SSY	CM054518.2	SSY	189
TF2H4	SSY	CM054513.2	SSY	118
TF2H4	SSY	CM054513.2	SSY	130
TF2H4	SSY	CM054513.2	SSY	113
TF2H4	SSY	CM054513.2	SSY	95
TF2H4	SSY	CM054513.2	SSY	154
TF2H4	SSY	CM054529.2	SSY	123
TF2H4	SSY	CM054531.2	SSY	130
TF2H4	SSY	CM054531.2	SSY	200
TF2H4	SSY	CM054534.2	SSY	150
THEM5	SSY	CM054516.2	SSY	438
THEM5	SSY	CM054516.2	SSY	420
TNN	SSY	CM054527.2	SSY	1300
TPP2	SSY	CM054523.2	SSY	985
TR49D	SSY	CM054514.2	SSY	453
TR49D	SSY	CM054514.2	SSY	463
TR49D	SSY	CM054514.2	SSY	386
TR49D	SSY	CM054526.2	SSY	459
TR64B	SSY	CM054514.2	SSY	450
TTYH2	SSY	CM054522.2	SSY	137
UB2D3	SSY	CM054519.2	SSY	148
UCHL3	SSY	CM054517.2	SSY	1028
UCHL3	SSY	CM054522.2	SSY	490
UD3A2	SSY	CM054524.2	SSY	373
UD3A2	SSY	CM054524.2	SSY	490
UHRF1	SSY	CM054521.2	SSY	802
UN45B	SSY	CM054528.2	SSY	215
UQCC3	SSY	CM054521.2	SSY	71
VPS35	SSY	CM054519.2	SSY	662
VPS35	SSY	CM054519.2	SSY	797
XPO1	SSY	CM054522.2	SSY	1027
XRP2	SSY	CM054522.2	SSY	351
ZN268	SSY	CM054521.2	SSY	491
ZN268	SSY	CM054521.2	SSY	93
ZN593	SSY	CM054519.2	SSY	102
ZNF257	SSY	CM054521.2	SSY	913
ZXDB	SSY	CM054533.2	SSY	800
OR4F21	HSA	chr1	HSA	312
CDK11A	HSA	chr1	HSA	803
SLC35E2A	HSA	chr1	HSA	270
NBPF1	HSA	chr1	HSA	1558
PNRC2	HSA	chr1	HSA	197
RSRP1	HSA	chr1	HSA	545
BMP8A	HSA	chr1	HSA	403
ITGB3BP	HSA	chr1	HSA	630
AMY2A	HSA	chr1	HSA	512
AMY1A	HSA	chr1	HSA	512
AMY1B	HSA	chr1	HSA	512
NBPF4	HSA	chr1	HSA	668
NOTCH2NLR	HSA	chr1	HSA	1222
NBPF26	HSA	chr1	HSA	1222
PPIAL4A	HSA	chr1	HSA	165
FCGR1B	HSA	chr1	HSA	319
FAM72B	HSA	chr1	HSA	200
SRGAP2C	HSA	chr1	HSA	460
H3-2	HSA	chr1	HSA	137
FAM72C	HSA	chr1	HSA	150
PPIAL4E	HSA	chr1	HSA	165
SRGAP2B	HSA	chr1	HSA	460
FAM72D	HSA	chr1	HSA	150
PPIAL4D	HSA	chr1	HSA	165
NBPF20	HSA	chr1	HSA	4207
NBPF10	HSA	chr1	HSA	2553
NOTCH2NLA	HSA	chr1	HSA	256
PDE4DIP	HSA	chr1	HSA	3096
NUDT4B	HSA	chr1	HSA	182
MSTRG.359	HSA	chr1	HSA	250
NOTCH2NLB	HSA	chr1	HSA	250
PPIAL4G	HSA	chr1	HSA	165
GPR89B	HSA	chr1	HSA	481
PPIAL4H	HSA	chr1	HSA	165
NOTCH2NLC	HSA	chr1	HSA	295
AC242842.3	HSA	chr1	HSA	3601
NBPF19	HSA	chr1	HSA	3601
AQP10	HSA	chr1	HSA	331
FCGR3B	HSA	chr1	HSA	234
MSTRG.596	HSA	chr1	HSA	1701
OR2T33	HSA	chr1	HSA	321
OR2T29	HSA	chr1	HSA	316
OR2T11	HSA	chr1	HSA	317
SYT15	HSA	chr10	HSA	560
ANXA8	HSA	chr10	HSA	381
FAM25G	HSA	chr10	HSA	90
AGAP9	HSA	chr10	HSA	659
FO681492.1	HSA	chr10	HSA	560
GPRIN2	HSA	chr10	HSA	462
NPY4R2	HSA	chr10	HSA	376
FRMPD2	HSA	chr10	HSA	1420
TIMM23B-AGAP6	HSA	chr10	HSA	687
AGAP6	HSA	chr10	HSA	687
CYP2C18	HSA	chr10	HSA	335
AL583836.1	HSA	chr10	HSA	493
OR4F4	HSA	chr11	HSA	324
BET1L	HSA	chr11	HSA	256
SAA2-SAA4	HSA	chr11	HSA	209
SAA2	HSA	chr11	HSA	209
MRGPRX1	HSA	chr11	HSA	323
PGA3	HSA	chr11	HSA	453
IQSEC3	HSA	chr12	HSA	1208
BCL2L14	HSA	chr12	HSA	1464
OR11H12	HSA	chr14	HSA	327
OR4N2	HSA	chr14	HSA	314
OR4Q3	HSA	chr14	HSA	322
OR4M1	HSA	chr14	HSA	314
RNASE3	HSA	chr14	HSA	161
DHRS4L2	HSA	chr14	HSA	293
ACOT1	HSA	chr14	HSA	422
LINC02203	HSA	chr15	HSA	317
AC134980.3	HSA	chr15	HSA	317
OR4M2	HSA	chr15	HSA	314
OR4N4	HSA	chr15	HSA	317
GOLGA6L22	HSA	chr15	HSA	861
GOLGA6L1	HSA	chr15	HSA	683
GOLGA6L1	HSA	chr15	HSA	675
GOLGA8S	HSA	chr15	HSA	626
GOLGA8F	HSA	chr15	HSA	637
GOLGA8G	HSA	chr15	HSA	649
GOLGA8T	HSA	chr15	HSA	632
FAM7A	HSA	chr15	HSA	413
GOLGA8H	HSA	chr15	HSA	633
ARHGAP11B	HSA	chr15	HSA	268
AC091057.6	HSA	chr15	HSA	268
GOLGA8K	HSA	chr15	HSA	632
GOLGA8O	HSA	chr15	HSA	636
GOLGA8N	HSA	chr15	HSA	636
MSTRG.1863	HSA	chr15	HSA	690
NANOGP8	HSA	chr15	HSA	306
DPH6	HSA	chr15	HSA	344
PPIP5K1	HSA	chr15	HSA	1598
GOLGA6B	HSA	chr15	HSA	694
GOLGA6A	HSA	chr15	HSA	694
GOLGA6C	HSA	chr15	HSA	694
GOLGA6L4	HSA	chr15	HSA	582
OR4F4	HSA	chr15	HSA	324
HBZ	HSA	chr16	HSA	143
PDPK1	HSA	chr16	HSA	633
PLA2G10	HSA	chr16	HSA	178
ABCC6	HSA	chr16	HSA	1544
AC138969.1	HSA	chr16	HSA	474
MSTRG.2109	HSA	chr16	HSA	1326
BOLA2	HSA	chr16	HSA	154
BOLA2B	HSA	chr16	HSA	154
BOLA2B	HSA	chr16	HSA	276
SLX1B	HSA	chr16	HSA	276
TP53TG3C	HSA	chr16	HSA	161
TP53TG3F	HSA	chr16	HSA	148
DUSP22	HSA	chr16	HSA	226
CLEC18A	HSA	chr16	HSA	456
PDPR	HSA	chr16	HSA	913
HYDIN	HSA	chr16	HSA	5251
CLEC18B	HSA	chr16	HSA	456
BANP	HSA	chr16	HSA	581
PRDM7	HSA	chr16	HSA	508
SCGB1C2	HSA	chr17	HSA	96
AC098850.3	HSA	chr17	HSA	1426
LGALS9C	HSA	chr17	HSA	383
TBC1D28	HSA	chr17	HSA	211
FOXO3B	HSA	chr17	HSA	364
TBC1D3I	HSA	chr17	HSA	549
TBC1D3G	HSA	chr17	HSA	550
TBC1D3H	HSA	chr17	HSA	550
CCL4L2	HSA	chr17	HSA	141
TBC1D3B	HSA	chr17	HSA	613
TBC1D3K	HSA	chr17	HSA	550
TBC1D3D	HSA	chr17	HSA	550
TBC1D3E	HSA	chr17	HSA	550
PLEKHM1	HSA	chr17	HSA	1070
ARL17B	HSA	chr17	HSA	1701
LRRC37A	HSA	chr17	HSA	1701
AC005670.2	HSA	chr17	HSA	233
LRRC37A3	HSA	chr17	HSA	1681
ANKRD30B	HSA	chr18	HSA	1427
OR4F17	HSA	chr19	HSA	327
OR10H5	HSA	chr19	HSA	316
ZNF492	HSA	chr19	HSA	532
CYP2A6	HSA	chr19	HSA	498
AC008687.1	HSA	chr19	HSA	156
LILRA1	HSA	chr19	HSA	490
KIR3DL1	HSA	chr19	HSA	445
STRN	HSA	chr2	HSA	781
RMND5A	HSA	chr2	HSA	392
PLGLB2	HSA	chr2	HSA	11
ANKRD36C	HSA	chr2	HSA	1824
CD8B2	HSA	chr2	HSA	226
LIMS3	HSA	chr2	HSA	404
MALL	HSA	chr2	HSA	189
ANAPC1	HSA	chr2	HSA	1956
TTL	HSA	chr2	HSA	378
POTEF	HSA	chr2	HSA	1082
MZT2B	HSA	chr2	HSA	272
CFC1B	HSA	chr2	HSA	230
TPTE	HSA	chr21	HSA	552
FRG2C	HSA	chr22	HSA	282
OR11H1	HSA	chr22	HSA	327
AC007326.4	HSA	chr22	HSA	601
USP41	HSA	chr22	HSA	359
GGT2	HSA	chr22	HSA	570
RFPL1	HSA	chr22	HSA	317
RAB43	HSA	chr3	HSA	332
ISY1-RAB43	HSA	chr3	HSA	332
ACKR4	HSA	chr3	HSA	121
AC104472.3	HSA	chr3	HSA	567
SLC33A1	HSA	chr3	HSA	567
OR4F5	HSA	chr3	HSA	327
USP17L27	HSA	chr4	HSA	531
CISD2	HSA	chr4	HSA	219
TRIM61	HSA	chr4	HSA	507
KLHL2	HSA	chr4	HSA	646
FRG2	HSA	chr4	HSA	280
OCLN	HSA	chr5	HSA	523
SERF1A	HSA	chr5	HSA	180
SMN1	HSA	chr5	HSA	329
NAIP	HSA	chr5	HSA	1515
GTF2H2	HSA	chr5	HSA	410
FAM153A	HSA	chr5	HSA	410
ZNF322	HSA	chr6	HSA	403
MICA	HSA	chr6	HSA	333
MRPS10	HSA	chr6	HSA	202
CTAGE9	HSA	chr6	HSA	778
RAMACL	HSA	chr6	HSA	119
UNC93A	HSA	chr6	HSA	458
SLC29A4	HSA	chr7	HSA	531
VKORC1L1	HSA	chr7	HSA	261
GTF2IRD2	HSA	chr7	HSA	1225
CASTOR2	HSA	chr7	HSA	330
TRIM73	HSA	chr7	HSA	284
POM121C	HSA	chr7	HSA	1230
RASA4B	HSA	chr7	HSA	804
RASA4	HSA	chr7	HSA	608
CTAGE15	HSA	chr7	HSA	778
TCAF2C	HSA	chr7	HSA	712
TCAF1	HSA	chr7	HSA	923
CTAGE4	HSA	chr7	HSA	778
ARHGEF35	HSA	chr7	HSA	485
ACTR3B	HSA	chr7	HSA	419
DEFA1B	HSA	chr8	HSA	95
PRR23D1	HSA	chr8	HSA	280
SLC35G5	HSA	chr8	HSA	339
PRR23D2	HSA	chr8	HSA	280
DEFB107A	HSA	chr8	HSA	71
DEFB105A	HSA	chr8	HSA	79
DEFB104A	HSA	chr8	HSA	73
SPAG11B	HSA	chr8	HSA	288
DEFB106B	HSA	chr8	HSA	66
DEFB103B	HSA	chr8	HSA	68
DEFB4A	HSA	chr8	HSA	65
BX664615.2	HSA	chr9	HSA	154
ANKRD20A3P	HSA	chr9	HSA	852
CBWD6	HSA	chr9	HSA	423
CNTNAP3B	HSA	chr9	HSA	1373
SPATA31A6	HSA	chr9	HSA	1344
ANKRD20A4P	HSA	chr9	HSA	841
ANKRD20A1	HSA	chr9	HSA	1204
CBWD3	HSA	chr9	HSA	264
OBP2A	HSA	chr9	HSA	230
SPACA5B	HSA	chrX	HSA	160
SSX4B	HSA	chrX	HSA	199
GAGE12J	HSA	chrX	HSA	118
GAGE13	HSA	chrX	HSA	117
GAGE12G	HSA	chrX	HSA	118
GAGE12F	HSA	chrX	HSA	118
GAGE12H	HSA	chrX	HSA	118
GAGE2A	HSA	chrX	HSA	118
GAGE12C	HSA	chrX	HSA	118
GAGE12D	HSA	chrX	HSA	117
GAGE12F	HSA	chrX	HSA	117
GAGE12G	HSA	chrX	HSA	117
GAGE12H	HSA	chrX	HSA	117
GAGE1	HSA	chrX	HSA	146
XAGE1B	HSA	chrX	HSA	87
SSX7	HSA	chrX	HSA	189
SSX2B	HSA	chrX	HSA	237
DMRTC1	HSA	chrX	HSA	198
PCDH11X	HSA	chrX	HSA	1360
NXF2	HSA	chrX	HSA	627
TMSB15B	HSA	chrX	HSA	46
CT47A6	HSA	chrX	HSA	289
CT47A5	HSA	chrX	HSA	289
CT47A4	HSA	chrX	HSA	289
CT47A3	HSA	chrX	HSA	289
CT47A2	HSA	chrX	HSA	289
CT47A1	HSA	chrX	HSA	289
CT45A1	HSA	chrX	HSA	190
CT45A3	HSA	chrX	HSA	190
CT45A7	HSA	chrX	HSA	190
TMEM185A	HSA	chrX	HSA	356
HSFX1	HSA	chrX	HSA	424
OPN1MW	HSA	chrX	HSA	365
IKBKG	HSA	chrX	HSA	593
F8	HSA	chrX	HSA	2426
IL9R	HSA	chrX	HSA	569
DHRSX	HSA	chrY	HSA	331
ZBED1	HSA	chrY	HSA	331
TGIF2LY	HSA	chrY	HSA	186
PCDH11Y	HSA	chrY	HSA	1368
PRKY	HSA	chrY	HSA	278
TSPY8	HSA	chrY	HSA	312
TSPY10	HSA	chrY	HSA	318
TSPY9P	HSA	chrY	HSA	315
TSPY3	HSA	chrY	HSA	312
TSPY1	HSA	chrY	HSA	318
TSPY4	HSA	chrY	HSA	325
TSPY10	HSA	chrY	HSA	312
TSPY1	HSA	chrY	HSA	312
HSFY2	HSA	chrY	HSA	479
RBMY1B	HSA	chrY	HSA	568
RBMY1A1	HSA	chrY	HSA	568
PRY	HSA	chrY	HSA	158
BPY2B	HSA	chrY	HSA	107
CDY1	HSA	chrY	HSA	565
VAMP7	HSA	chrY	HSA	283
IL9R	HSA	chrY	HSA	569
